requirement_id,priority,path,value,confidence,source_refs,implementation,tests,status
REQ-0001,must,strategy.entry.signal_selectable,True,0.9,"/mnt/data/CCBSN Manual by Bo.Botfx.pdf:p2:Đa dạng tín hiệu vào lệnh: CCI, Stoch, Momentum, Supertrend, UTBOT, RSI, RSI Reversal, Break Kumo Ichimoku, SMC;/mnt/data/CCBSN Manual by Bo.Botfx.pdf:p19:Chọn tín hiệu mở lệnh",CEntryEngine,model:test_signal_dispatch,GENERATED
REQ-0002,must,strategy.dca.enabled,True,0.99,"/mnt/data/CCBSN Manual by Bo.Botfx.pdf:p1:CCBSN – EA giao dịch DCA + Martingale + Hedge thông minh;/mnt/data/CCBSN Manual by Bo.Botfx.pdf:p1:🚀 Chiến lược chính: DCA (Dollar Cost Averaging) kết hợp Martingale linh hoạt, tự động tỉa lệnh (Sniper), hedging zone và nhiều tín;/mnt/data/CCBSN Manual by Bo.Botfx.pdf:p1:cho những nhà giao dịch muốn tự động hóa chiến lược nhồi lệnh trung bình giá (DCA), kiểm soát rủi ro bằng Martingale có điều kiện, đồng;/mnt/data/CCBSN Manual by Bo.Botfx.pdf:p1:cho những nhà giao dịch muốn tự động hóa chiến lược nhồi lệnh trung bình giá (DCA), kiểm soát rủi ro bằng Martingale có điều kiện, đồng;/mnt/data/CCBSN Manual by Bo.Botfx.pdf:p1:cho những nhà giao dịch muốn tự động hóa chiến lược nhồi lệnh trung bình giá (DCA), kiểm soát rủi ro bằng Martingale có điều kiện, đồng",CDCAEngine,model:test_dca_gate,GENERATED
REQ-0003,must,strategy.dca.step,True,0.9,"/mnt/data/CCBSN Manual by Bo.Botfx.pdf:p8:Chọn kiểu DCA Step (khoảng cách cố định), Step+TF (mỗi nến nhồi 1 lần), Step Multiplier (khoảng cách nhân dần), Signal DCA (nhồi theo tín hiệu),;/mnt/data/CCBSN Manual by Bo.Botfx.pdf:p8:Chọn kiểu DCA Step (khoảng cách cố định), Step+TF (mỗi nến nhồi 1 lần), Step Multiplier (khoảng cách nhân dần), Signal DCA (nhồi theo tín hiệu),",CDCAEngine::RequiredDistance,model:test_dca_step,GENERATED
REQ-0004,must,strategy.dca.step_timeframe,True,0.99,"/mnt/data/CCBSN Manual by Bo.Botfx.pdf:p2:Nhồi lệnh DCA thông minh: Step, Step+TF, Step Multiplier (cấp số nhân), Signal DCA, Nhồi dương, Nhồi âm dương, Nhồi âm dương;/mnt/data/CCBSN Manual by Bo.Botfx.pdf:p8:Chọn kiểu DCA Step (khoảng cách cố định), Step+TF (mỗi nến nhồi 1 lần), Step Multiplier (khoảng cách nhân dần), Signal DCA (nhồi theo tín hiệu),;/mnt/data/CCBSN Manual by Bo.Botfx.pdf:p8:Chọn kiểu DCA Step (khoảng cách cố định), Step+TF (mỗi nến nhồi 1 lần), Step Multiplier (khoảng cách nhân dần), Signal DCA (nhồi theo tín hiệu),;/mnt/data/CCBSN Manual by Bo.Botfx.pdf:p24:Step+TF: Mỗi nến chỉ nhồi 1 lần.",ManageDCA::StepTimeframe,model:test_dca_bar_gate,GENERATED
REQ-0005,must,strategy.dca.step_multiplier,True,0.99,"/mnt/data/CCBSN Manual by Bo.Botfx.pdf:p2:Nhồi lệnh DCA thông minh: Step, Step+TF, Step Multiplier (cấp số nhân), Signal DCA, Nhồi dương, Nhồi âm dương, Nhồi âm dương;/mnt/data/CCBSN Manual by Bo.Botfx.pdf:p8:Chọn kiểu DCA Step (khoảng cách cố định), Step+TF (mỗi nến nhồi 1 lần), Step Multiplier (khoảng cách nhân dần), Signal DCA (nhồi theo tín hiệu),;/mnt/data/CCBSN Manual by Bo.Botfx.pdf:p8:Chọn kiểu DCA Step (khoảng cách cố định), Step+TF (mỗi nến nhồi 1 lần), Step Multiplier (khoảng cách nhân dần), Signal DCA (nhồi theo tín hiệu),;/mnt/data/CCBSN Manual by Bo.Botfx.pdf:p9:Dùng cho kiểu Step Multiplier: khoảng cách = 0.Khoảng cách nhồi lệnh ban đầu × (Hệ số nhân khoảng cách)^(số lệnh).",CDCAEngine::RequiredDistance,model:test_dca_step_multiplier,GENERATED
REQ-0006,must,strategy.dca.signal,True,0.99,"/mnt/data/CCBSN Manual by Bo.Botfx.pdf:p2:Nhồi lệnh DCA thông minh: Step, Step+TF, Step Multiplier (cấp số nhân), Signal DCA, Nhồi dương, Nhồi âm dương, Nhồi âm dương;/mnt/data/CCBSN Manual by Bo.Botfx.pdf:p8:Chọn kiểu DCA Step (khoảng cách cố định), Step+TF (mỗi nến nhồi 1 lần), Step Multiplier (khoảng cách nhân dần), Signal DCA (nhồi theo tín hiệu),;/mnt/data/CCBSN Manual by Bo.Botfx.pdf:p8:Chọn kiểu DCA Step (khoảng cách cố định), Step+TF (mỗi nến nhồi 1 lần), Step Multiplier (khoảng cách nhân dần), Signal DCA (nhồi theo tín hiệu),;/mnt/data/CCBSN Manual by Bo.Botfx.pdf:p24:Signal DCA: Có tín hiệu mua/bán mới.",ManageDCA::Signal,model:test_dca_signal_gate,GENERATED
REQ-0007,must,strategy.dca.positive,True,0.96,"/mnt/data/CCBSN Manual by Bo.Botfx.pdf:p2:Nhồi lệnh DCA thông minh: Step, Step+TF, Step Multiplier (cấp số nhân), Signal DCA, Nhồi dương, Nhồi âm dương, Nhồi âm dương;/mnt/data/CCBSN Manual by Bo.Botfx.pdf:p8:Nhồi dương, Nhồi âm dương, Nhồi âm dương theo Signal, Step+Đóng nến.;/mnt/data/CCBSN Manual by Bo.Botfx.pdf:p24:Nhồi dương / âm dương: Cho phép nhồi cả khi giá đi cùng chiều/cùng chiều và ngược chiều.",ManageDCA::Positive,model:test_dca_positive,GENERATED
REQ-0008,must,strategy.dca.bidirectional,True,0.99,"/mnt/data/CCBSN Manual by Bo.Botfx.pdf:p2:Nhồi lệnh DCA thông minh: Step, Step+TF, Step Multiplier (cấp số nhân), Signal DCA, Nhồi dương, Nhồi âm dương, Nhồi âm dương;/mnt/data/CCBSN Manual by Bo.Botfx.pdf:p2:Nhồi lệnh DCA thông minh: Step, Step+TF, Step Multiplier (cấp số nhân), Signal DCA, Nhồi dương, Nhồi âm dương, Nhồi âm dương;/mnt/data/CCBSN Manual by Bo.Botfx.pdf:p8:Nhồi dương, Nhồi âm dương, Nhồi âm dương theo Signal, Step+Đóng nến.;/mnt/data/CCBSN Manual by Bo.Botfx.pdf:p8:Nhồi dương, Nhồi âm dương, Nhồi âm dương theo Signal, Step+Đóng nến.;/mnt/data/CCBSN Manual by Bo.Botfx.pdf:p16:Đặc biệt cho kiểu DCA Nhồi âm dương theo Signal: khi có cả Buy và Sell hoặc giá đảo chiều, dùng TP",ManageDCA::Bidirectional,model:test_dca_bidirectional,GENERATED
REQ-0009,must,strategy.dca.closed_bar,True,0.96,"/mnt/data/CCBSN Manual by Bo.Botfx.pdf:p2:theo Signal, Step+Đóng nến.;/mnt/data/CCBSN Manual by Bo.Botfx.pdf:p8:Nhồi dương, Nhồi âm dương, Nhồi âm dương theo Signal, Step+Đóng nến.;/mnt/data/CCBSN Manual by Bo.Botfx.pdf:p24:Step+Đóng nến: Đợi đóng nến và nhồi ở đầu nến mới.",ManageDCA::ClosedBar,model:test_dca_closed_bar,GENERATED
REQ-0010,must,strategy.sizing.martingale,True,0.99,"/mnt/data/CCBSN Manual by Bo.Botfx.pdf:p1:CCBSN – EA giao dịch DCA + Martingale + Hedge thông minh;/mnt/data/CCBSN Manual by Bo.Botfx.pdf:p1:🚀 Chiến lược chính: DCA (Dollar Cost Averaging) kết hợp Martingale linh hoạt, tự động tỉa lệnh (Sniper), hedging zone và nhiều tín;/mnt/data/CCBSN Manual by Bo.Botfx.pdf:p1:cho những nhà giao dịch muốn tự động hóa chiến lược nhồi lệnh trung bình giá (DCA), kiểm soát rủi ro bằng Martingale có điều kiện, đồng;/mnt/data/CCBSN Manual by Bo.Botfx.pdf:p2:Hedging & Hedging Zone: mở lệnh ngược chiều khi thua lỗ hoặc đủ số lệnh, vùng phòng hộ với hệ số nhân tổng lots, thay đổi mức;/mnt/data/CCBSN Manual by Bo.Botfx.pdf:p7:Sử dụng chế độ xổ số? Bật chế độ Martingale kiểu ""xổ số"": nếu lệnh trước bị cắt lỗ (SL), lệnh tiếp theo sẽ tăng lots theo hệ số nhân.",CLotProgression::NextLot,model:test_lot_multiplier,GENERATED
REQ-0011,must,strategy.sizing.additive,True,0.96,"/mnt/data/CCBSN Manual by Bo.Botfx.pdf:p8:Chọn hệ số lots DCA Hệ số nhân (multiplier) hoặc hệ số cộng (plus).;/mnt/data/CCBSN Manual by Bo.Botfx.pdf:p9:Hệ số cộng Nếu chọn hệ số cộng, lots mới = lots lệnh trước + giá trị này (mặc định 0.01).;/mnt/data/CCBSN Manual by Bo.Botfx.pdf:p9:Hệ số cộng Nếu chọn hệ số cộng, lots mới = lots lệnh trước + giá trị này (mặc định 0.01).",CLotProgression::NextLot,model:test_lot_additive,GENERATED
REQ-0012,must,strategy.sniper.same_chain,True,0.9,"/mnt/data/CCBSN Manual by Bo.Botfx.pdf:p11:✂ Nhóm: Tỉa lệnh cùng chuỗi;/mnt/data/CCBSN Manual by Bo.Botfx.pdf:p11:Tỉa lệnh cùng chuỗi không quan tâm MagicNếu true, tỉa cả lệnh không cùng Magic Number (chỉ cùng cặp tiền).",CSniperEngine::ManageSameChain,model:test_same_chain_sniper,GENERATED
REQ-0013,must,strategy.sniper.cross_chain,True,0.9,"/mnt/data/CCBSN Manual by Bo.Botfx.pdf:p12:🔀 Nhóm: Tỉa lệnh khác chuỗi;/mnt/data/CCBSN Manual by Bo.Botfx.pdf:p12:Sử dụng tỉa lệnh khác chuỗi Bật cơ chế tỉa lệnh giữa 2 chiều Buy và Sell (dùng Buy tỉa sell, dùng Sell tỉa Buy).",ManageCrossChainSniper,model:test_cross_chain_sniper,GENERATED
REQ-0014,must,strategy.sniper.partial,True,0.99,"/mnt/data/CCBSN Manual by Bo.Botfx.pdf:p11:Sử dụng tỉa lệnh 1 phần Thay vì đóng hẳn lệnh đầu, chỉ cắt bớt một phần lots của lệnh đầu tiên.;/mnt/data/CCBSN Manual by Bo.Botfx.pdf:p11:% âm kích hoạt tỉa lệnh 1 phần Khi % thua lỗ của chiều đó vượt ngưỡng này (ví dụ -30%) mới kích hoạt tỉa 1 phần.;/mnt/data/CCBSN Manual by Bo.Botfx.pdf:p11:Số lệnh kích hoạt tỉa lệnh 1 phần Cần tối thiểu số lệnh này.;/mnt/data/CCBSN Manual by Bo.Botfx.pdf:p12:Sử dụng tỉa lệnh 1 phần lệnh cùng chiềuCắt một phần lot của lệnh cùng chiều xa nhất.",CSniperEngine::PartialClose,model:test_partial_sniper,GENERATED
REQ-0015,must,strategy.hedge.standard,True,0.96,"/mnt/data/CCBSN Manual by Bo.Botfx.pdf:p14:Sử dụng Hedging Zone? Bật vùng phòng hộ đặc biệt – khi đủ số lệnh, EA vẽ một vùng giá và mở lệnh lướt sóng 2 chiều với lots lớn.;/mnt/data/CCBSN Manual by Bo.Botfx.pdf:p15:🔄 Nhóm: Hedging (Phòng hộ thường);/mnt/data/CCBSN Manual by Bo.Botfx.pdf:p15:Sử dụng hedging Mở lệnh ngược chiều khi thua lỗ hoặc đủ số lệnh (mở lệnh cùng với lệnh DCA).",CHedgeEngine::Manage,model:test_hedge_trigger,GENERATED
REQ-0016,must,strategy.hedge.zone,True,0.99,"/mnt/data/CCBSN Manual by Bo.Botfx.pdf:p1:🚀 Chiến lược chính: DCA (Dollar Cost Averaging) kết hợp Martingale linh hoạt, tự động tỉa lệnh (Sniper), hedging zone và nhiều tín;/mnt/data/CCBSN Manual by Bo.Botfx.pdf:p2:Hedging & Hedging Zone: mở lệnh ngược chiều khi thua lỗ hoặc đủ số lệnh, vùng phòng hộ với hệ số nhân tổng lots, thay đổi mức;/mnt/data/CCBSN Manual by Bo.Botfx.pdf:p2:Hedging & Hedging Zone: mở lệnh ngược chiều khi thua lỗ hoặc đủ số lệnh, vùng phòng hộ với hệ số nhân tổng lots, thay đổi mức;/mnt/data/CCBSN Manual by Bo.Botfx.pdf:p14:🛡 Nhóm: Hedging Zone;/mnt/data/CCBSN Manual by Bo.Botfx.pdf:p14:Sử dụng Hedging Zone? Bật vùng phòng hộ đặc biệt – khi đủ số lệnh, EA vẽ một vùng giá và mở lệnh lướt sóng 2 chiều với lots lớn.",ManageHedgeZone,model:test_hedge_zone_state,GENERATED
REQ-0017,must,strategy.reverse_entry,True,0.99,"/mnt/data/CCBSN Manual by Bo.Botfx.pdf:p2:Hedging & Hedging Zone: mở lệnh ngược chiều khi thua lỗ hoặc đủ số lệnh, vùng phòng hộ với hệ số nhân tổng lots, thay đổi mức;/mnt/data/CCBSN Manual by Bo.Botfx.pdf:p2:Các chức năng đặc biệt khác: Reset lots thủ công, điều chỉnh TP chuỗi khi âm, mở lệnh ngược chiều, DCA theo tín hiệu ngoài, xổ số;/mnt/data/CCBSN Manual by Bo.Botfx.pdf:p10:🔄 Nhóm: Mở lệnh ngược chiều;/mnt/data/CCBSN Manual by Bo.Botfx.pdf:p10:Mở lệnh ngược chiều? Khi đủ số lệnh cùng chiều, bot sẽ mở một lệnh ngược hướng.;/mnt/data/CCBSN Manual by Bo.Botfx.pdf:p10:Số lệnh kích hoạt mở lệnh ngược chiều Sau khi đạt số lệnh này (ví dụ 12 lệnh Buy), bot sẽ chờ tín hiệu Sell sau đó mới mở 1 lệnh Sell ngược.",ManageReverseEntry,model:test_reverse_entry,GENERATED
REQ-0018,must,strategy.lot_balance,True,0.99,"/mnt/data/CCBSN Manual by Bo.Botfx.pdf:p2:Quản lý vốn & rủi ro: max lots, max spread, target lợi nhuận ngày, target bậc thang, trailing, cân lots 2 chiều (thêm lots độc lập hoặc;/mnt/data/CCBSN Manual by Bo.Botfx.pdf:p13:⚖ Nhóm: Cân Lots;/mnt/data/CCBSN Manual by Bo.Botfx.pdf:p13:Sử dụng cân lots? Tự động mở thêm lệnh ngược chiều để cân bằng khối lượng giữa Buy và Sell.;/mnt/data/CCBSN Manual by Bo.Botfx.pdf:p13:Chế độ cân lots Thêm lots độc lập (magic=0) hoặc thêm lots vào chuỗi hiện tại.;/mnt/data/CCBSN Manual by Bo.Botfx.pdf:p13:Số lots chênh lệch kích hoạt cân lots Khi chênh lệch giữa tổng lots buy và tổng lots sell ≥ ngưỡng này, bắt đầu cân.",ManageLotBalance,model:test_lot_balance,GENERATED
REQ-0019,must,strategy.lottery.after_sl,True,0.96,"/mnt/data/CCBSN Manual by Bo.Botfx.pdf:p7:Sử dụng chế độ xổ số? Bật chế độ Martingale kiểu ""xổ số"": nếu lệnh trước bị cắt lỗ (SL), lệnh tiếp theo sẽ tăng lots theo hệ số nhân.;/mnt/data/CCBSN Manual by Bo.Botfx.pdf:p7:Sử dụng chế độ xổ số? Bật chế độ Martingale kiểu ""xổ số"": nếu lệnh trước bị cắt lỗ (SL), lệnh tiếp theo sẽ tăng lots theo hệ số nhân.;/mnt/data/CCBSN Manual by Bo.Botfx.pdf:p23:Nếu dùng chế độ xổ số: đủ thời gian delay sau SL/TP và không nằm trong chuỗi xổ số đang chờ.",OnTradeTransaction::Lottery,model:test_lottery_after_sl,GENERATED
REQ-0020,must,strategy.exit.basket_tp,True,0.99,"/mnt/data/CCBSN Manual by Bo.Botfx.pdf:p2:Các chức năng đặc biệt khác: Reset lots thủ công, điều chỉnh TP chuỗi khi âm, mở lệnh ngược chiều, DCA theo tín hiệu ngoài, xổ số;/mnt/data/CCBSN Manual by Bo.Botfx.pdf:p9:TP đơn lệnh Nếu >0, mỗi lệnh sẽ tự chốt lời riêng với TP này, thay vì dùng TP chuỗi. Giá trị 0 → dùng TP chuỗi.;/mnt/data/CCBSN Manual by Bo.Botfx.pdf:p9:TP đơn lệnh Nếu >0, mỗi lệnh sẽ tự chốt lời riêng với TP này, thay vì dùng TP chuỗi. Giá trị 0 → dùng TP chuỗi.;/mnt/data/CCBSN Manual by Bo.Botfx.pdf:p9:TP chuỗi DCA, pips Chốt lời chung cho toàn bộ chuỗi lệnh cùng chiều, tính trên giá trung bình + số pips TP chuỗi.;/mnt/data/CCBSN Manual by Bo.Botfx.pdf:p9:TP chuỗi DCA, pips Chốt lời chung cho toàn bộ chuỗi lệnh cùng chiều, tính trên giá trung bình + số pips TP chuỗi.",CExitEngine::ManageBasketTP,model:test_weighted_basket_tp,GENERATED
REQ-0021,must,strategy.exit.money,True,0.99,/mnt/data/CCBSN Manual by Bo.Botfx.pdf:p16:Money TP All account Đóng tất cả mọi lệnh trên toàn tài khoản (không quan tâm Magic) khi lợi nhuận đạt mức $.;/mnt/data/CCBSN Manual by Bo.Botfx.pdf:p16:Money TP All Đóng lệnh cùng Magic hiện tại khi lợi nhuận đạt mức $.;/mnt/data/CCBSN Manual by Bo.Botfx.pdf:p16:Money TP Buy Đóng riêng lệnh Buy khi lợi nhuận đạt mức $.;/mnt/data/CCBSN Manual by Bo.Botfx.pdf:p16:Money TP Sell Đóng riêng lệnh Sell khi lợi nhuận đạt mức $.;/mnt/data/CCBSN Manual by Bo.Botfx.pdf:p16:Money TP All khi mở lệnh DCA Signal âm hoặc xuất hiện,CExitEngine::ManageMoneyLimits,model:test_money_exit,GENERATED
REQ-0022,must,strategy.exit.daily_target,True,0.84,"/mnt/data/CCBSN Manual by Bo.Botfx.pdf:p2:Quản lý vốn & rủi ro: max lots, max spread, target lợi nhuận ngày, target bậc thang, trailing, cân lots 2 chiều (thêm lots độc lập hoặc",CRiskEngine::DailyGate,model:test_daily_halt,GENERATED
REQ-0023,must,strategy.exit.trailing,True,0.99,"/mnt/data/CCBSN Manual by Bo.Botfx.pdf:p2:Quản lý vốn & rủi ro: max lots, max spread, target lợi nhuận ngày, target bậc thang, trailing, cân lots 2 chiều (thêm lots độc lập hoặc;/mnt/data/CCBSN Manual by Bo.Botfx.pdf:p18:🏃 Nhóm: Trailing;/mnt/data/CCBSN Manual by Bo.Botfx.pdf:p18:Sử dụng trailing chuỗi DCA? Kéo SL tự động theo giá khi có lợi nhuận.;/mnt/data/CCBSN Manual by Bo.Botfx.pdf:p18:Pips bắt đầu trailing Khi lợi nhuận của chuỗi (tính từ giá trung bình) đạt mức pips này, bắt đầu trailing.;/mnt/data/CCBSN Manual by Bo.Botfx.pdf:p18:Pips bắt đầu trailing Khi lợi nhuận của chuỗi (tính từ giá trung bình) đạt mức pips này, bắt đầu trailing.",ManageTrailing,model:test_trailing,GENERATED
REQ-0024,must,strategy.exit.single_tp,True,0.96,"/mnt/data/CCBSN Manual by Bo.Botfx.pdf:p6:TP, pips Chốt lời cho lệnh đầu tiên (nếu không sử dụng DCA hoặc Single TP = 0).;/mnt/data/CCBSN Manual by Bo.Botfx.pdf:p9:TP đơn lệnh Nếu >0, mỗi lệnh sẽ tự chốt lời riêng với TP này, thay vì dùng TP chuỗi. Giá trị 0 → dùng TP chuỗi.;/mnt/data/CCBSN Manual by Bo.Botfx.pdf:p25:Chạm TP chuỗi (tính trên giá trung bình tính theo số lots) hoặc TP đơn lệnh (nếu bật).",OpenLeg,model:test_single_tp,GENERATED
REQ-0025,must,strategy.exit.adaptive_basket_tp,True,0.96,"/mnt/data/CCBSN Manual by Bo.Botfx.pdf:p2:Các chức năng đặc biệt khác: Reset lots thủ công, điều chỉnh TP chuỗi khi âm, mở lệnh ngược chiều, DCA theo tín hiệu ngoài, xổ số;/mnt/data/CCBSN Manual by Bo.Botfx.pdf:p10:📉 Nhóm: Điều chỉnh TP chuỗi khi âm;/mnt/data/CCBSN Manual by Bo.Botfx.pdf:p10:Điều chỉnh TP chuỗi khi âm? Khi thua lỗ vượt ngưỡng, TP chuỗi sẽ được rút ngắn (đặt gần hơn) để dễ chốt lời.",AdaptiveBasketTP,model:test_adaptive_basket_tp,GENERATED
REQ-0026,must,strategy.exit.account_money,True,0.9,/mnt/data/CCBSN Manual by Bo.Botfx.pdf:p16:Money TP All account Đóng tất cả mọi lệnh trên toàn tài khoản (không quan tâm Magic) khi lợi nhuận đạt mức $.;/mnt/data/CCBSN Manual by Bo.Botfx.pdf:p16:Money SL All account Đóng tất cả mọi lệnh khi thua lỗ đạt mức -$.,ManageAccountMoneyExit,model:test_account_money_exit,GENERATED
REQ-0027,must,strategy.exit.side_money,True,0.99,/mnt/data/CCBSN Manual by Bo.Botfx.pdf:p16:Money TP Buy Đóng riêng lệnh Buy khi lợi nhuận đạt mức $.;/mnt/data/CCBSN Manual by Bo.Botfx.pdf:p16:Money SL Buy Đóng riêng lệnh Buy khi thua lỗ đạt mức -$.;/mnt/data/CCBSN Manual by Bo.Botfx.pdf:p16:Money TP Sell Đóng riêng lệnh Sell khi lợi nhuận đạt mức $.;/mnt/data/CCBSN Manual by Bo.Botfx.pdf:p16:Money SL Sell Đóng riêng lệnh Sell khi thua lỗ đạt mức -$.,ManageSideMoneyExit,model:test_side_money_exit,GENERATED
REQ-0028,must,strategy.exit.stepped_target,True,0.96,"/mnt/data/CCBSN Manual by Bo.Botfx.pdf:p17:📊 Nhóm: Mục tiêu lợi nhuận Bậc thang;/mnt/data/CCBSN Manual by Bo.Botfx.pdf:p17:Sử dụng mục tiêu lợi nhuận bậc thang? Bật chế độ chốt lời từng bậc.;/mnt/data/CCBSN Manual by Bo.Botfx.pdf:p17:Số tiền Mục tiêu lợi nhuận bậc thang, $ Khi lợi nhuận tích lũy (lịch sử + floating) đạt mức này, đóng hết lệnh và delay.",ManageSteppedTarget,model:test_stepped_target,GENERATED
REQ-0029,must,strategy.exit.trend_reversal,True,0.84,"/mnt/data/CCBSN Manual by Bo.Botfx.pdf:p25:Đảo trend (nếu bật Đóng lệnh khi đảo trend): khi RSI+EMA+MACD đảo chiều hoàn toàn, đóng hết lệnh cùng hướng cũ.",ManageTrendReversalExit,model:test_trend_reversal_exit,GENERATED
REQ-0030,must,strategy.exit.balance_difference,True,0.96,"/mnt/data/CCBSN Manual by Bo.Botfx.pdf:p5:Close Buy / Close Sell / Close All – Đóng lệnh theo chiều hoặc tất cả.;/mnt/data/CCBSN Manual by Bo.Botfx.pdf:p16:% lãi/lỗ giữa buy và sell để Close All Ví dụ: nếu Buy lời 10%, Sell lỗ 8%, chênh lệch 2% thì đóng hết. Công thức: (lợi nhuận chiều lời) + (lợi;/mnt/data/CCBSN Manual by Bo.Botfx.pdf:p16:% lãi/lỗ giữa buy và sell để Close All Ví dụ: nếu Buy lời 10%, Sell lỗ 8%, chênh lệch 2% thì đóng hết. Công thức: (lợi nhuận chiều lời) + (lợi",ManageBalanceDifferenceExit,model:test_balance_difference_exit,GENERATED
REQ-0031,must,strategy.time.sessions,True,0.99,"/mnt/data/CCBSN Manual by Bo.Botfx.pdf:p18:⏰ Nhóm: Giới hạn thời gian theo giờ PC/Laptop;/mnt/data/CCBSN Manual by Bo.Botfx.pdf:p18:Sử dụng giới hạn thời gian? Bật lịch giao dịch theo khung giờ.;/mnt/data/CCBSN Manual by Bo.Botfx.pdf:p18:Sử dụng giới hạn thời gian 1,2,3,4 Bật/tắt từng khung giờ.;/mnt/data/CCBSN Manual by Bo.Botfx.pdf:p18:DCA ngoài thời gian? Nếu true, vẫn cho phép nhồi lệnh DCA ngay cả ngoài khung giờ giao dịch.;/mnt/data/CCBSN Manual by Bo.Botfx.pdf:p23:Trong khung giờ giao dịch (hoặc được phép DCA ngoài giờ).",SessionAllowed,model:test_session_gate,GENERATED
REQ-0032,must,strategy.filter.trend,True,0.9,"/mnt/data/CCBSN Manual by Bo.Botfx.pdf:p2:Bộ lọc xu hướng: RSI, EMA (có min/max khoảng cách), MACD, Zone Cycle (tự động bật New Cycle khi giá ra khỏi vùng).;/mnt/data/CCBSN Manual by Bo.Botfx.pdf:p23:Bộ lọc xu hướng (nếu bật): EMA xu hướng lên (cho Buy) hoặc xuống (cho Sell), MACD cùng dấu, RSI trong vùng cho phép.",CFilterEngine,model:test_filter_gate,GENERATED
REQ-0033,must,strategy.filter.ema,True,0.99,"/mnt/data/CCBSN Manual by Bo.Botfx.pdf:p2:Bộ lọc xu hướng: RSI, EMA (có min/max khoảng cách), MACD, Zone Cycle (tự động bật New Cycle khi giá ra khỏi vùng).;/mnt/data/CCBSN Manual by Bo.Botfx.pdf:p19:Nếu bật bộ lọc RSI/EMA/MACD và xu hướng đảo chiều hoàn toàn, bot sẽ đóng hết lệnh cùng hướng cũ.;/mnt/data/CCBSN Manual by Bo.Botfx.pdf:p20:📈 Bộ lọc EMA;/mnt/data/CCBSN Manual by Bo.Botfx.pdf:p20:Sử dụng bộ lọc EMA Xác định xu hướng dựa trên 2 đường EMA (chỉ cho phép Buy khi EMA 1 > EMA 2, chỉ cho phép Sell khi EMA 1 < EMA 2).;/mnt/data/CCBSN Manual by Bo.Botfx.pdf:p23:Bộ lọc xu hướng (nếu bật): EMA xu hướng lên (cho Buy) hoặc xuống (cho Sell), MACD cùng dấu, RSI trong vùng cho phép.",CFilterEngine::EMA,model:test_ema_filter,GENERATED
REQ-0034,must,strategy.filter.macd,True,0.99,"/mnt/data/CCBSN Manual by Bo.Botfx.pdf:p2:Bộ lọc xu hướng: RSI, EMA (có min/max khoảng cách), MACD, Zone Cycle (tự động bật New Cycle khi giá ra khỏi vùng).;/mnt/data/CCBSN Manual by Bo.Botfx.pdf:p19:Nếu bật bộ lọc RSI/EMA/MACD và xu hướng đảo chiều hoàn toàn, bot sẽ đóng hết lệnh cùng hướng cũ.;/mnt/data/CCBSN Manual by Bo.Botfx.pdf:p20:📉 Bộ lọc MACD;/mnt/data/CCBSN Manual by Bo.Botfx.pdf:p20:Sử dụng bộ lọc MACD Dùng histogram MACD để xác định xu hướng (dương → up, âm → down).;/mnt/data/CCBSN Manual by Bo.Botfx.pdf:p23:Bộ lọc xu hướng (nếu bật): EMA xu hướng lên (cho Buy) hoặc xuống (cho Sell), MACD cùng dấu, RSI trong vùng cho phép.",CFilterEngine::MACD,model:test_macd_filter,GENERATED
REQ-0035,must,strategy.filter.zone_cycle,True,0.96,"/mnt/data/CCBSN Manual by Bo.Botfx.pdf:p2:Bộ lọc xu hướng: RSI, EMA (có min/max khoảng cách), MACD, Zone Cycle (tự động bật New Cycle khi giá ra khỏi vùng).;/mnt/data/CCBSN Manual by Bo.Botfx.pdf:p20:🔄 Bộ lọc Zone Cycle;/mnt/data/CCBSN Manual by Bo.Botfx.pdf:p20:Sử dụng Zone Cycle? Khi giá vượt ra ngoài vùng (trên 'Vùng giá trên' hoặc dưới 'Vùng giá trên'), bot tự động bật New Cycle (dừng mở lệnh mới).",ManageZoneCycle,model:test_zone_cycle,GENERATED
REQ-0036,must,strategy.filter.rsi,True,0.99,"/mnt/data/CCBSN Manual by Bo.Botfx.pdf:p2:Bộ lọc xu hướng: RSI, EMA (có min/max khoảng cách), MACD, Zone Cycle (tự động bật New Cycle khi giá ra khỏi vùng).;/mnt/data/CCBSN Manual by Bo.Botfx.pdf:p19:Nếu bật bộ lọc RSI/EMA/MACD và xu hướng đảo chiều hoàn toàn, bot sẽ đóng hết lệnh cùng hướng cũ.;/mnt/data/CCBSN Manual by Bo.Botfx.pdf:p19:📊 Bộ lọc RSI;/mnt/data/CCBSN Manual by Bo.Botfx.pdf:p19:Sử dụng bộ lọc RSI Chỉ cho phép Buy khi RSI > RSI Up Level, chỉ Sell khi RSI < RSI Down Level.;/mnt/data/CCBSN Manual by Bo.Botfx.pdf:p19:RSI TF, RSI Price, RSI Period Cấu hình chỉ báo RSI cho bộ lọc.",CFilterEngine::RSI,model:test_rsi_filter,GENERATED
REQ-0037,must,controls.pending_order_remote,True,0.99,"/mnt/data/CCBSN Manual by Bo.Botfx.pdf:p2:Điều khiển từ xa qua lệnh chờ (Mobile Control): dùng Buy Stop / Sell Limit với giá đặc biệt để bật/tắt EA, dừng New Cycle, stop;/mnt/data/CCBSN Manual by Bo.Botfx.pdf:p3:📱 Lệnh chờ điều khiển bot từ xa (Mobile Control);/mnt/data/CCBSN Manual by Bo.Botfx.pdf:p3:📱 Lệnh chờ điều khiển bot từ xa (Mobile Control);/mnt/data/CCBSN Manual by Bo.Botfx.pdf:p4:🎮 Danh sách lệnh chờ điều khiển",CDataDrivenCommandBus,model:test_pending_commands,GENERATED
REQ-0038,must,controls.chart_panel,True,0.84,"/mnt/data/CCBSN Manual by Bo.Botfx.pdf:p5:Ngoài lệnh chờ từ xa, bot còn cung cấp các nút bấm trực tiếp trên biểu đồ (khi chạy EA):",OnChartEvent/OBJ_BUTTON,source:test_chart_events,GENERATED
REQ-0039,must,controls.new_cycle,True,0.99,"/mnt/data/CCBSN Manual by Bo.Botfx.pdf:p2:Điều khiển từ xa qua lệnh chờ (Mobile Control): dùng Buy Stop / Sell Limit với giá đặc biệt để bật/tắt EA, dừng New Cycle, stop;/mnt/data/CCBSN Manual by Bo.Botfx.pdf:p2:Bộ lọc xu hướng: RSI, EMA (có min/max khoảng cách), MACD, Zone Cycle (tự động bật New Cycle khi giá ra khỏi vùng).;/mnt/data/CCBSN Manual by Bo.Botfx.pdf:p4:Buy Stop 888888 🔴 Tắt New Cycle Ngăn không cho bot mở lệnh mới (chu kỳ mới).;/mnt/data/CCBSN Manual by Bo.Botfx.pdf:p4:Sell Limit 888888 🟢 Bật New Cycle Cho phép bot mở lệnh mới trở lại.;/mnt/data/CCBSN Manual by Bo.Botfx.pdf:p4:💡 Lưu ý về New Cycle:",CCycleState,model:test_new_cycle_gate,GENERATED
REQ-0040,must,controls.reset_lots,True,0.99,"/mnt/data/CCBSN Manual by Bo.Botfx.pdf:p2:Các chức năng đặc biệt khác: Reset lots thủ công, điều chỉnh TP chuỗi khi âm, mở lệnh ngược chiều, DCA theo tín hiệu ngoài, xổ số;/mnt/data/CCBSN Manual by Bo.Botfx.pdf:p5:Reset Lots Sell / Reset Lots Buy – Reset lots chuỗi về giá trị mới.;/mnt/data/CCBSN Manual by Bo.Botfx.pdf:p5:Reset Lots Sell / Reset Lots Buy – Reset lots chuỗi về giá trị mới.;/mnt/data/CCBSN Manual by Bo.Botfx.pdf:p5:Reset Lots Sell / Reset Lots Buy – Reset lots chuỗi về giá trị mới.;/mnt/data/CCBSN Manual by Bo.Botfx.pdf:p5:Reset Lots Sell / Reset Lots Buy – Reset lots chuỗi về giá trị mới.",OnChartEvent::ResetLots,source:test_reset_lot_controls,GENERATED
REQ-0041,must,risk.max_spread,True,0.96,"/mnt/data/CCBSN Manual by Bo.Botfx.pdf:p2:Quản lý vốn & rủi ro: max lots, max spread, target lợi nhuận ngày, target bậc thang, trailing, cân lots 2 chiều (thêm lots độc lập hoặc;/mnt/data/CCBSN Manual by Bo.Botfx.pdf:p7:Spread tối đa, pips Nếu spread hiện tại (tính bằng pips) lớn hơn giá trị này, bot sẽ không mở lệnh mới.;/mnt/data/CCBSN Manual by Bo.Botfx.pdf:p23:Spread ≤ Spread tối đa (mặc định 5 pips).",CRiskEngine::SpreadGate,model:test_spread_gate,GENERATED
REQ-0043,must,risk.max_positions,True,0.99,/mnt/data/CCBSN Manual by Bo.Botfx.pdf:p7:Số lệnh buy tối đa Dừng mở thêm lệnh Buy nếu số lượng lệnh Buy hiện tại đã đạt giới hạn này.;/mnt/data/CCBSN Manual by Bo.Botfx.pdf:p7:Số lệnh sell tối đa Tương tự cho lệnh Sell.;/mnt/data/CCBSN Manual by Bo.Botfx.pdf:p11:Số lệnh cuối tối đa dùng để tỉa Số lượng lệnh dương (ở cuối chuỗi) sẽ bị đóng cùng. 0 → auto (tự động dùng các lệnh dương cuối chuỗi).;/mnt/data/CCBSN Manual by Bo.Botfx.pdf:p12:Số lệnh cuối tối đa dùng để tỉa Số lệnh cuối tối đa sẽ đóng cùng khi tỉa 1 phần.;/mnt/data/CCBSN Manual by Bo.Botfx.pdf:p24:Chưa vượt quá số lệnh tối đa (Số lệnh buy tối đa / Số lệnh sell tối đa).,CRiskEngine::PositionGate,model:test_position_cap,GENERATED
REQ-0044,must,risk.daily_loss,True,0.99,"/mnt/data/CCBSN Manual by Bo.Botfx.pdf:p17:Số tiền Giới hạn thua lỗ hằng ngày, -$Nếu thua lỗ vượt ngưỡng, bot đóng lệnh và dừng giao dịch.;/mnt/data/CCBSN Manual by Bo.Botfx.pdf:p17:Phần trăm Giới hạn thua lỗ hằng ngày, -%Tương tự cho thua lỗ.;/mnt/data/CCBSN Manual by Bo.Botfx.pdf:p17:Số tiền Giới hạn thua lỗ hằng ngày, -$Nếu thua lỗ vượt ngưỡng, bot đóng lệnh và dừng giao dịch.;/mnt/data/CCBSN Manual by Bo.Botfx.pdf:p17:Phần trăm Giới hạn thua lỗ hằng ngày, -%Tương tự cho thua lỗ.",CRiskEngine::DailyGate,model:test_daily_halt,GENERATED
REQ-0045,should,strategy.entry.signals.cci_reversal,True,0.84,"/mnt/data/CCBSN Manual by Bo.Botfx.pdf:p19:Danh sách đầy đủ: CCI, Stoch, Momentum, Xanh đỏ (2 nến xanh/đỏ liên tiếp), Không điều kiện, Supertrend, Random, CCI Reverse, Stoch Reverse,",CEntryEngine::CCI,model:test_signal_cci_reversal,GENERATED
REQ-0046,should,strategy.entry.signals.stochastic_reversal,True,0.84,"/mnt/data/CCBSN Manual by Bo.Botfx.pdf:p19:Danh sách đầy đủ: CCI, Stoch, Momentum, Xanh đỏ (2 nến xanh/đỏ liên tiếp), Không điều kiện, Supertrend, Random, CCI Reverse, Stoch Reverse,",CEntryEngine::Stochastic,model:test_signal_stochastic_reversal,GENERATED
REQ-0047,should,strategy.entry.signals.rsi_reversal,True,0.9,"/mnt/data/CCBSN Manual by Bo.Botfx.pdf:p2:Đa dạng tín hiệu vào lệnh: CCI, Stoch, Momentum, Supertrend, UTBOT, RSI, RSI Reversal, Break Kumo Ichimoku, SMC;/mnt/data/CCBSN Manual by Bo.Botfx.pdf:p19:UTBOT, Indi ngoài, RSI, RSI Reversal, Break Kumo Ichimoku, SMC All thuận, SMC All ngược, SMC Internal thuận/ngược, SMC Swing thuận/ngược, BB,",CEntryEngine::RSIReversal,model:test_signal_rsi_reversal,GENERATED
REQ-0048,should,strategy.entry.signals.pinbar_engulfing,True,0.99,"/mnt/data/CCBSN Manual by Bo.Botfx.pdf:p1:Với hơn 30 tín hiệu đầu vào (CCI, Stoch, RSI, SMC, Pinbar, Engulfing, Ichimoku break, UTBOT...), EA có thể thích ứng với nhiều phong cách;/mnt/data/CCBSN Manual by Bo.Botfx.pdf:p2:(thuận/ngược/internal/swing), BB, Pinbar, Engulfing, Pinbar/Engulfing.;/mnt/data/CCBSN Manual by Bo.Botfx.pdf:p2:(thuận/ngược/internal/swing), BB, Pinbar, Engulfing, Pinbar/Engulfing.;/mnt/data/CCBSN Manual by Bo.Botfx.pdf:p19:Pinbar, Engulfing, Pinbar/Engulfing.;/mnt/data/CCBSN Manual by Bo.Botfx.pdf:p19:Pinbar, Engulfing, Pinbar/Engulfing.",CEntryEngine::PinbarOrEngulfing,model:test_signal_pinbar_engulfing,GENERATED
REQ-0049,should,strategy.entry.signals.candle_color,True,0.9,"/mnt/data/CCBSN Manual by Bo.Botfx.pdf:p19:Danh sách đầy đủ: CCI, Stoch, Momentum, Xanh đỏ (2 nến xanh/đỏ liên tiếp), Không điều kiện, Supertrend, Random, CCI Reverse, Stoch Reverse,;/mnt/data/CCBSN Manual by Bo.Botfx.pdf:p19:Danh sách đầy đủ: CCI, Stoch, Momentum, Xanh đỏ (2 nến xanh/đỏ liên tiếp), Không điều kiện, Supertrend, Random, CCI Reverse, Stoch Reverse,",CEntryEngine::CandleColor,model:test_signal_candle_color,GENERATED
REQ-0050,should,strategy.entry.signals.no_condition,True,0.84,"/mnt/data/CCBSN Manual by Bo.Botfx.pdf:p19:Danh sách đầy đủ: CCI, Stoch, Momentum, Xanh đỏ (2 nến xanh/đỏ liên tiếp), Không điều kiện, Supertrend, Random, CCI Reverse, Stoch Reverse,",CEntryEngine::Unconditional,model:test_signal_no_condition,GENERATED
REQ-0051,should,strategy.entry.signals.random,True,0.84,"/mnt/data/CCBSN Manual by Bo.Botfx.pdf:p19:Danh sách đầy đủ: CCI, Stoch, Momentum, Xanh đỏ (2 nến xanh/đỏ liên tiếp), Không điều kiện, Supertrend, Random, CCI Reverse, Stoch Reverse,",CEntryEngine::Random,model:test_signal_random,GENERATED
REQ-0052,should,strategy.entry.signals.external_indicator,True,0.9,"/mnt/data/CCBSN Manual by Bo.Botfx.pdf:p19:UTBOT, Indi ngoài, RSI, RSI Reversal, Break Kumo Ichimoku, SMC All thuận, SMC All ngược, SMC Internal thuận/ngược, SMC Swing thuận/ngược, BB,;/mnt/data/CCBSN Manual by Bo.Botfx.pdf:p21:📦 Indicator ngoài",CEntryEngine::ExternalIndicator,model:test_signal_external_indicator,GENERATED
REQ-0053,should,strategy.entry.signals.smc_all_with,True,0.84,"/mnt/data/CCBSN Manual by Bo.Botfx.pdf:p19:UTBOT, Indi ngoài, RSI, RSI Reversal, Break Kumo Ichimoku, SMC All thuận, SMC All ngược, SMC Internal thuận/ngược, SMC Swing thuận/ngược, BB,",CEntryEngine::MarketStructureBreak,model:test_signal_smc_all_with,GENERATED
REQ-0054,should,strategy.entry.signals.smc_all_against,True,0.84,"/mnt/data/CCBSN Manual by Bo.Botfx.pdf:p19:UTBOT, Indi ngoài, RSI, RSI Reversal, Break Kumo Ichimoku, SMC All thuận, SMC All ngược, SMC Internal thuận/ngược, SMC Swing thuận/ngược, BB,",CEntryEngine::MarketStructureBreak,model:test_signal_smc_all_against,GENERATED
REQ-0055,should,strategy.entry.signals.smc_internal_with,True,0.84,"/mnt/data/CCBSN Manual by Bo.Botfx.pdf:p19:UTBOT, Indi ngoài, RSI, RSI Reversal, Break Kumo Ichimoku, SMC All thuận, SMC All ngược, SMC Internal thuận/ngược, SMC Swing thuận/ngược, BB,",CEntryEngine::MarketStructureBreak,model:test_signal_smc_internal_with,GENERATED
REQ-0056,should,strategy.entry.signals.smc_internal_against,True,0.84,"/mnt/data/CCBSN Manual by Bo.Botfx.pdf:p19:UTBOT, Indi ngoài, RSI, RSI Reversal, Break Kumo Ichimoku, SMC All thuận, SMC All ngược, SMC Internal thuận/ngược, SMC Swing thuận/ngược, BB,",CEntryEngine::MarketStructureBreak,model:test_signal_smc_internal_against,GENERATED
REQ-0057,should,strategy.entry.signals.smc_swing_with,True,0.84,"/mnt/data/CCBSN Manual by Bo.Botfx.pdf:p19:UTBOT, Indi ngoài, RSI, RSI Reversal, Break Kumo Ichimoku, SMC All thuận, SMC All ngược, SMC Internal thuận/ngược, SMC Swing thuận/ngược, BB,",CEntryEngine::MarketStructureBreak,model:test_signal_smc_swing_with,GENERATED
REQ-0058,should,strategy.entry.signals.smc_swing_against,True,0.84,"/mnt/data/CCBSN Manual by Bo.Botfx.pdf:p19:UTBOT, Indi ngoài, RSI, RSI Reversal, Break Kumo Ichimoku, SMC All thuận, SMC All ngược, SMC Internal thuận/ngược, SMC Swing thuận/ngược, BB,",CEntryEngine::MarketStructureBreak,model:test_signal_smc_swing_against,GENERATED
REQ-0059,should,strategy.entry.signals.cci,True,0.99,"/mnt/data/CCBSN Manual by Bo.Botfx.pdf:p1:Với hơn 30 tín hiệu đầu vào (CCI, Stoch, RSI, SMC, Pinbar, Engulfing, Ichimoku break, UTBOT...), EA có thể thích ứng với nhiều phong cách;/mnt/data/CCBSN Manual by Bo.Botfx.pdf:p2:Đa dạng tín hiệu vào lệnh: CCI, Stoch, Momentum, Supertrend, UTBOT, RSI, RSI Reversal, Break Kumo Ichimoku, SMC;/mnt/data/CCBSN Manual by Bo.Botfx.pdf:p19:Danh sách đầy đủ: CCI, Stoch, Momentum, Xanh đỏ (2 nến xanh/đỏ liên tiếp), Không điều kiện, Supertrend, Random, CCI Reverse, Stoch Reverse,;/mnt/data/CCBSN Manual by Bo.Botfx.pdf:p19:Danh sách đầy đủ: CCI, Stoch, Momentum, Xanh đỏ (2 nến xanh/đỏ liên tiếp), Không điều kiện, Supertrend, Random, CCI Reverse, Stoch Reverse,;/mnt/data/CCBSN Manual by Bo.Botfx.pdf:p21:🔵 Indi CCI",CEntryEngine::CCI,model:test_signal_cci,GENERATED
REQ-0060,should,strategy.entry.signals.stochastic,True,0.99,"/mnt/data/CCBSN Manual by Bo.Botfx.pdf:p1:Với hơn 30 tín hiệu đầu vào (CCI, Stoch, RSI, SMC, Pinbar, Engulfing, Ichimoku break, UTBOT...), EA có thể thích ứng với nhiều phong cách;/mnt/data/CCBSN Manual by Bo.Botfx.pdf:p2:Đa dạng tín hiệu vào lệnh: CCI, Stoch, Momentum, Supertrend, UTBOT, RSI, RSI Reversal, Break Kumo Ichimoku, SMC;/mnt/data/CCBSN Manual by Bo.Botfx.pdf:p19:Danh sách đầy đủ: CCI, Stoch, Momentum, Xanh đỏ (2 nến xanh/đỏ liên tiếp), Không điều kiện, Supertrend, Random, CCI Reverse, Stoch Reverse,;/mnt/data/CCBSN Manual by Bo.Botfx.pdf:p19:Danh sách đầy đủ: CCI, Stoch, Momentum, Xanh đỏ (2 nến xanh/đỏ liên tiếp), Không điều kiện, Supertrend, Random, CCI Reverse, Stoch Reverse,;/mnt/data/CCBSN Manual by Bo.Botfx.pdf:p21:🟢 Indi Stoch",CEntryEngine::Stochastic,model:test_signal_stochastic,GENERATED
REQ-0061,should,strategy.entry.signals.momentum,True,0.99,"/mnt/data/CCBSN Manual by Bo.Botfx.pdf:p2:Đa dạng tín hiệu vào lệnh: CCI, Stoch, Momentum, Supertrend, UTBOT, RSI, RSI Reversal, Break Kumo Ichimoku, SMC;/mnt/data/CCBSN Manual by Bo.Botfx.pdf:p19:Danh sách đầy đủ: CCI, Stoch, Momentum, Xanh đỏ (2 nến xanh/đỏ liên tiếp), Không điều kiện, Supertrend, Random, CCI Reverse, Stoch Reverse,;/mnt/data/CCBSN Manual by Bo.Botfx.pdf:p21:🟡 Indi Momentum;/mnt/data/CCBSN Manual by Bo.Botfx.pdf:p21:Momentum Period (14), Momentum Quá mua (100.45), Momentum Quá bán (99.45);/mnt/data/CCBSN Manual by Bo.Botfx.pdf:p21:Momentum Period (14), Momentum Quá mua (100.45), Momentum Quá bán (99.45)",CEntryEngine::Momentum,model:test_signal_momentum,GENERATED
REQ-0062,should,strategy.entry.signals.supertrend,True,0.99,"/mnt/data/CCBSN Manual by Bo.Botfx.pdf:p2:Đa dạng tín hiệu vào lệnh: CCI, Stoch, Momentum, Supertrend, UTBOT, RSI, RSI Reversal, Break Kumo Ichimoku, SMC;/mnt/data/CCBSN Manual by Bo.Botfx.pdf:p19:Danh sách đầy đủ: CCI, Stoch, Momentum, Xanh đỏ (2 nến xanh/đỏ liên tiếp), Không điều kiện, Supertrend, Random, CCI Reverse, Stoch Reverse,;/mnt/data/CCBSN Manual by Bo.Botfx.pdf:p21:🔴 Supertrend Indicator;/mnt/data/CCBSN Manual by Bo.Botfx.pdf:p21:Periods Supertrend (21), Multiplier Supertrend (3.0);/mnt/data/CCBSN Manual by Bo.Botfx.pdf:p21:Periods Supertrend (21), Multiplier Supertrend (3.0)",CEntryEngine::Supertrend,model:test_signal_supertrend,GENERATED
REQ-0063,should,strategy.entry.signals.utbot,True,0.99,"/mnt/data/CCBSN Manual by Bo.Botfx.pdf:p1:Với hơn 30 tín hiệu đầu vào (CCI, Stoch, RSI, SMC, Pinbar, Engulfing, Ichimoku break, UTBOT...), EA có thể thích ứng với nhiều phong cách;/mnt/data/CCBSN Manual by Bo.Botfx.pdf:p2:Đa dạng tín hiệu vào lệnh: CCI, Stoch, Momentum, Supertrend, UTBOT, RSI, RSI Reversal, Break Kumo Ichimoku, SMC;/mnt/data/CCBSN Manual by Bo.Botfx.pdf:p19:UTBOT, Indi ngoài, RSI, RSI Reversal, Break Kumo Ichimoku, SMC All thuận, SMC All ngược, SMC Internal thuận/ngược, SMC Swing thuận/ngược, BB,;/mnt/data/CCBSN Manual by Bo.Botfx.pdf:p21:🟠 UTBOT Indicator",CEntryEngine::UTBot,model:test_signal_utbot,GENERATED
REQ-0064,should,strategy.entry.signals.rsi,True,0.99,"/mnt/data/CCBSN Manual by Bo.Botfx.pdf:p1:Với hơn 30 tín hiệu đầu vào (CCI, Stoch, RSI, SMC, Pinbar, Engulfing, Ichimoku break, UTBOT...), EA có thể thích ứng với nhiều phong cách;/mnt/data/CCBSN Manual by Bo.Botfx.pdf:p2:Đa dạng tín hiệu vào lệnh: CCI, Stoch, Momentum, Supertrend, UTBOT, RSI, RSI Reversal, Break Kumo Ichimoku, SMC;/mnt/data/CCBSN Manual by Bo.Botfx.pdf:p2:Đa dạng tín hiệu vào lệnh: CCI, Stoch, Momentum, Supertrend, UTBOT, RSI, RSI Reversal, Break Kumo Ichimoku, SMC;/mnt/data/CCBSN Manual by Bo.Botfx.pdf:p8:Nếu true, chỉ nhồi lệnh khi xu hướng phù hợp (EMA, MACD, RSI).;/mnt/data/CCBSN Manual by Bo.Botfx.pdf:p19:UTBOT, Indi ngoài, RSI, RSI Reversal, Break Kumo Ichimoku, SMC All thuận, SMC All ngược, SMC Internal thuận/ngược, SMC Swing thuận/ngược, BB,",CEntryEngine::RSI,model:test_signal_rsi,GENERATED
REQ-0065,should,strategy.entry.signals.ichimoku_kumo_break,True,0.96,"/mnt/data/CCBSN Manual by Bo.Botfx.pdf:p1:Với hơn 30 tín hiệu đầu vào (CCI, Stoch, RSI, SMC, Pinbar, Engulfing, Ichimoku break, UTBOT...), EA có thể thích ứng với nhiều phong cách;/mnt/data/CCBSN Manual by Bo.Botfx.pdf:p2:Đa dạng tín hiệu vào lệnh: CCI, Stoch, Momentum, Supertrend, UTBOT, RSI, RSI Reversal, Break Kumo Ichimoku, SMC;/mnt/data/CCBSN Manual by Bo.Botfx.pdf:p19:UTBOT, Indi ngoài, RSI, RSI Reversal, Break Kumo Ichimoku, SMC All thuận, SMC All ngược, SMC Internal thuận/ngược, SMC Swing thuận/ngược, BB,",CEntryEngine::IchimokuKumoBreak,model:test_signal_ichimoku_kumo_break,GENERATED
REQ-0066,should,strategy.entry.signals.smc,True,0.96,"/mnt/data/CCBSN Manual by Bo.Botfx.pdf:p1:Với hơn 30 tín hiệu đầu vào (CCI, Stoch, RSI, SMC, Pinbar, Engulfing, Ichimoku break, UTBOT...), EA có thể thích ứng với nhiều phong cách;/mnt/data/CCBSN Manual by Bo.Botfx.pdf:p2:Đa dạng tín hiệu vào lệnh: CCI, Stoch, Momentum, Supertrend, UTBOT, RSI, RSI Reversal, Break Kumo Ichimoku, SMC;/mnt/data/CCBSN Manual by Bo.Botfx.pdf:p23:Tín hiệu: Có tín hiệu từ chỉ báo được chọn (CCI, Stoch, RSI, Pinbar, SMC, v.v.)",CEntryEngine::MarketStructureBreak,model:test_signal_smc,GENERATED
REQ-0067,should,strategy.entry.signals.bollinger_bands,True,0.99,"/mnt/data/CCBSN Manual by Bo.Botfx.pdf:p2:(thuận/ngược/internal/swing), BB, Pinbar, Engulfing, Pinbar/Engulfing.;/mnt/data/CCBSN Manual by Bo.Botfx.pdf:p19:UTBOT, Indi ngoài, RSI, RSI Reversal, Break Kumo Ichimoku, SMC All thuận, SMC All ngược, SMC Internal thuận/ngược, SMC Swing thuận/ngược, BB,;/mnt/data/CCBSN Manual by Bo.Botfx.pdf:p21:📊 BB Indicator;/mnt/data/CCBSN Manual by Bo.Botfx.pdf:p21:BB Period (20), BB Deviations (2.0);/mnt/data/CCBSN Manual by Bo.Botfx.pdf:p21:BB Period (20), BB Deviations (2.0)",CEntryEngine::Bollinger,model:test_signal_bollinger_bands,GENERATED
REQ-0068,should,strategy.entry.signals.pinbar,True,0.99,"/mnt/data/CCBSN Manual by Bo.Botfx.pdf:p1:Với hơn 30 tín hiệu đầu vào (CCI, Stoch, RSI, SMC, Pinbar, Engulfing, Ichimoku break, UTBOT...), EA có thể thích ứng với nhiều phong cách;/mnt/data/CCBSN Manual by Bo.Botfx.pdf:p2:(thuận/ngược/internal/swing), BB, Pinbar, Engulfing, Pinbar/Engulfing.;/mnt/data/CCBSN Manual by Bo.Botfx.pdf:p2:(thuận/ngược/internal/swing), BB, Pinbar, Engulfing, Pinbar/Engulfing.;/mnt/data/CCBSN Manual by Bo.Botfx.pdf:p19:Pinbar, Engulfing, Pinbar/Engulfing.;/mnt/data/CCBSN Manual by Bo.Botfx.pdf:p19:Pinbar, Engulfing, Pinbar/Engulfing.",CEntryEngine::Pinbar,model:test_signal_pinbar,GENERATED
REQ-0069,should,strategy.entry.signals.engulfing,True,0.99,"/mnt/data/CCBSN Manual by Bo.Botfx.pdf:p1:Với hơn 30 tín hiệu đầu vào (CCI, Stoch, RSI, SMC, Pinbar, Engulfing, Ichimoku break, UTBOT...), EA có thể thích ứng với nhiều phong cách;/mnt/data/CCBSN Manual by Bo.Botfx.pdf:p2:(thuận/ngược/internal/swing), BB, Pinbar, Engulfing, Pinbar/Engulfing.;/mnt/data/CCBSN Manual by Bo.Botfx.pdf:p2:(thuận/ngược/internal/swing), BB, Pinbar, Engulfing, Pinbar/Engulfing.;/mnt/data/CCBSN Manual by Bo.Botfx.pdf:p19:Pinbar, Engulfing, Pinbar/Engulfing.;/mnt/data/CCBSN Manual by Bo.Botfx.pdf:p19:Pinbar, Engulfing, Pinbar/Engulfing.",CEntryEngine::Engulfing,model:test_signal_engulfing,GENERATED
CFG-0069,must,identity.name,CCBSN_GoldenFixture,1.0,/mnt/data/vkmql_fix_work/tests/fixtures/ccbsn_demo_profile.yaml:p-:identity.name='CCBSN_GoldenFixture',,,EXTRACTED
CFG-0070,must,identity.version,3.0.3,1.0,/mnt/data/vkmql_fix_work/tests/fixtures/ccbsn_demo_profile.yaml:p-:identity.version='3.0.3',,,EXTRACTED
CFG-0071,must,runtime.platform,MT5,1.0,/mnt/data/vkmql_fix_work/tests/fixtures/ccbsn_demo_profile.yaml:p-:runtime.platform='MT5',,,EXTRACTED
CFG-0072,must,runtime.account_model,hedging,1.0,/mnt/data/vkmql_fix_work/tests/fixtures/ccbsn_demo_profile.yaml:p-:runtime.account_model='hedging',,,EXTRACTED
CFG-0073,must,runtime.account_model_status,confirmed,1.0,/mnt/data/vkmql_fix_work/tests/fixtures/ccbsn_demo_profile.yaml:p-:runtime.account_model_status='confirmed',,,EXTRACTED
CFG-0074,must,runtime.symbol_mode,chart_symbol,1.0,/mnt/data/vkmql_fix_work/tests/fixtures/ccbsn_demo_profile.yaml:p-:runtime.symbol_mode='chart_symbol',,,EXTRACTED
CFG-0075,must,runtime.symbols,[],1.0,/mnt/data/vkmql_fix_work/tests/fixtures/ccbsn_demo_profile.yaml:p-:runtime.symbols=[],,,EXTRACTED
CFG-0076,must,runtime.timeframe_mode,chart_timeframe,1.0,/mnt/data/vkmql_fix_work/tests/fixtures/ccbsn_demo_profile.yaml:p-:runtime.timeframe_mode='chart_timeframe',,,EXTRACTED
CFG-0077,must,runtime.timeframes,[],1.0,/mnt/data/vkmql_fix_work/tests/fixtures/ccbsn_demo_profile.yaml:p-:runtime.timeframes=[],,,EXTRACTED
CFG-0078,must,runtime.time_policy.daily_basis,server,1.0,/mnt/data/vkmql_fix_work/tests/fixtures/ccbsn_demo_profile.yaml:p-:runtime.time_policy.daily_basis='server',,,EXTRACTED
CFG-0079,must,runtime.time_policy.session_basis,server,1.0,/mnt/data/vkmql_fix_work/tests/fixtures/ccbsn_demo_profile.yaml:p-:runtime.time_policy.session_basis='server',,,EXTRACTED
CFG-0080,must,runtime.time_policy.history_sync_required,True,1.0,/mnt/data/vkmql_fix_work/tests/fixtures/ccbsn_demo_profile.yaml:p-:runtime.time_policy.history_sync_required=True,,,EXTRACTED
CFG-0081,must,runtime.time_policy.cashflow_policy,exclude,1.0,/mnt/data/vkmql_fix_work/tests/fixtures/ccbsn_demo_profile.yaml:p-:runtime.time_policy.cashflow_policy='exclude',,,EXTRACTED
CFG-0082,must,runtime.time_policy.dst_policy,platform_clock,1.0,/mnt/data/vkmql_fix_work/tests/fixtures/ccbsn_demo_profile.yaml:p-:runtime.time_policy.dst_policy='platform_clock',,,EXTRACTED
CFG-0083,must,runtime.time_policy.day_boundary_minutes,0,1.0,/mnt/data/vkmql_fix_work/tests/fixtures/ccbsn_demo_profile.yaml:p-:runtime.time_policy.day_boundary_minutes=0,,,EXTRACTED
CFG-0084,must,strategy.topology,multi_engine,1.0,/mnt/data/vkmql_fix_work/tests/fixtures/ccbsn_demo_profile.yaml:p-:strategy.topology='multi_engine',,,EXTRACTED
CFG-0085,must,strategy.features,"['strategy.dca.bidirectional', 'strategy.dca.closed_bar', 'strategy.dca.enabled', 'strategy.dca.positive', 'strategy.dca.signal', 'strategy.dca.step', 'strategy.dca.step_multiplier', 'strategy.dca.step_timeframe', 'strategy.entry.signal_selectable', 'strategy.exit.account_money', 'strategy.exit.adaptive_basket_tp', 'strategy.exit.balance_difference', 'strategy.exit.basket_tp', 'strategy.exit.daily_target', 'strategy.exit.money', 'strategy.exit.side_money', 'strategy.exit.single_tp', 'strategy.exit.stepped_target', 'strategy.exit.trailing', 'strategy.exit.trend_reversal', 'strategy.filter.ema', 'strategy.filter.macd', 'strategy.filter.rsi', 'strategy.filter.trend', 'strategy.filter.zone_cycle', 'strategy.hedge.standard', 'strategy.hedge.zone', 'strategy.lot_balance', 'strategy.lottery.after_sl', 'strategy.reverse_entry', 'strategy.sizing.additive', 'strategy.sizing.martingale', 'strategy.sniper.cross_chain', 'strategy.sniper.partial', 'strategy.sniper.same_chain', 'strategy.time.sessions']",1.0,"/mnt/data/vkmql_fix_work/tests/fixtures/ccbsn_demo_profile.yaml:p-:strategy.features=['strategy.dca.bidirectional', 'strategy.dca.closed_bar', 'strategy.dca.enabled', 'strategy.dca.positive', 'strategy.dca.signal', 'strategy.dca.step', 'strategy.dca.step_multiplier', 'strategy.dca.step_timeframe', 'strategy.entry.signal_selectable', 'strategy.exit.account_money', 'strategy.exit.adaptive_basket_tp', 'strategy.exit.balance_difference', 'strategy.exit.basket_tp', 'strategy.exit.daily_target', 'strategy.exit.money', 'strategy.exit.side_money', 'strategy.exit.single_tp', 'strategy.exit.stepped_target', 'strategy.exit.trailing', 'strategy.exit.trend_reversal', 'strategy.filter.ema', 'strategy.filter.macd', 'strategy.filter.rsi', 'strategy.filter.trend', 'strategy.filter.zone_cycle', 'strategy.hedge.standard', 'strategy.hedge.zone', 'strategy.lot_balance', 'strategy.lottery.after_sl', 'strategy.reverse_entry', 'strategy.sizing.additive', 'strategy.sizing.martingale', 'strategy.sniper.cross_chain', 'strategy.sniper.partial', 'strategy.sniper.same_chain', 'strategy.time.sessions']",,,EXTRACTED
CFG-0086,must,strategy.signals,"['cci_reversal', 'stochastic_reversal', 'rsi_reversal', 'pinbar_engulfing', 'candle_color', 'no_condition', 'random', 'external_indicator', 'smc_all_with', 'smc_all_against', 'smc_internal_with', 'smc_internal_against', 'smc_swing_with', 'smc_swing_against', 'cci', 'stochastic', 'momentum', 'supertrend', 'utbot', 'rsi', 'ichimoku_kumo_break', 'smc', 'bollinger_bands', 'pinbar', 'engulfing']",1.0,"/mnt/data/vkmql_fix_work/tests/fixtures/ccbsn_demo_profile.yaml:p-:strategy.signals=['cci_reversal', 'stochastic_reversal', 'rsi_reversal', 'pinbar_engulfing', 'candle_color', 'no_condition', 'random', 'external_indicator', 'smc_all_with', 'smc_all_against', 'smc_internal_with', 'smc_internal_against', 'smc_swing_with', 'smc_swing_against', 'cci', 'stochastic', 'momentum', 'supertrend', 'utbot', 'rsi', 'ichimoku_kumo_break', 'smc', 'bollinger_bands', 'pinbar', 'engulfing']",,,EXTRACTED
CFG-0087,must,strategy.signal_logic,selectable,1.0,/mnt/data/vkmql_fix_work/tests/fixtures/ccbsn_demo_profile.yaml:p-:strategy.signal_logic='selectable',,,EXTRACTED
CFG-0088,must,strategy.parameters.allow_buy,True,1.0,/mnt/data/vkmql_fix_work/tests/fixtures/ccbsn_demo_profile.yaml:p-:strategy.parameters.allow_buy=True,,,EXTRACTED
CFG-0089,must,strategy.parameters.allow_sell,True,1.0,/mnt/data/vkmql_fix_work/tests/fixtures/ccbsn_demo_profile.yaml:p-:strategy.parameters.allow_sell=True,,,EXTRACTED
CFG-0090,must,strategy.parameters.min_seconds_between_entries,2,1.0,/mnt/data/vkmql_fix_work/tests/fixtures/ccbsn_demo_profile.yaml:p-:strategy.parameters.min_seconds_between_entries=2,,,EXTRACTED
CFG-0091,must,strategy.parameters.async_execution,False,1.0,/mnt/data/vkmql_fix_work/tests/fixtures/ccbsn_demo_profile.yaml:p-:strategy.parameters.async_execution=False,,,EXTRACTED
CFG-0092,must,strategy.parameters.minutes_delay_after_clear,5,1.0,/mnt/data/vkmql_fix_work/tests/fixtures/ccbsn_demo_profile.yaml:p-:strategy.parameters.minutes_delay_after_clear=5,,,EXTRACTED
CFG-0093,must,strategy.parameters.max_buy_positions,50,1.0,/mnt/data/vkmql_fix_work/tests/fixtures/ccbsn_demo_profile.yaml:p-:strategy.parameters.max_buy_positions=50,,,EXTRACTED
CFG-0094,must,strategy.parameters.max_sell_positions,50,1.0,/mnt/data/vkmql_fix_work/tests/fixtures/ccbsn_demo_profile.yaml:p-:strategy.parameters.max_sell_positions=50,,,EXTRACTED
CFG-0095,must,strategy.parameters.dca_mode,step_multiplier,1.0,/mnt/data/vkmql_fix_work/tests/fixtures/ccbsn_demo_profile.yaml:p-:strategy.parameters.dca_mode='step_multiplier',,,EXTRACTED
CFG-0096,must,strategy.parameters.dca_switch_count,10,1.0,/mnt/data/vkmql_fix_work/tests/fixtures/ccbsn_demo_profile.yaml:p-:strategy.parameters.dca_switch_count=10,,,EXTRACTED
CFG-0097,must,strategy.parameters.dca_secondary_mode,signal,1.0,/mnt/data/vkmql_fix_work/tests/fixtures/ccbsn_demo_profile.yaml:p-:strategy.parameters.dca_secondary_mode='signal',,,EXTRACTED
CFG-0098,must,strategy.parameters.dca_step_pips,25.0,1.0,/mnt/data/vkmql_fix_work/tests/fixtures/ccbsn_demo_profile.yaml:p-:strategy.parameters.dca_step_pips=25.0,,,EXTRACTED
CFG-0099,must,strategy.parameters.dca_step_multiplier,1.2,1.0,/mnt/data/vkmql_fix_work/tests/fixtures/ccbsn_demo_profile.yaml:p-:strategy.parameters.dca_step_multiplier=1.2,,,EXTRACTED
CFG-0100,must,strategy.parameters.dca_trend_filter_after_positions,3,1.0,/mnt/data/vkmql_fix_work/tests/fixtures/ccbsn_demo_profile.yaml:p-:strategy.parameters.dca_trend_filter_after_positions=3,,,EXTRACTED
CFG-0101,must,strategy.parameters.dca_outside_session,True,1.0,/mnt/data/vkmql_fix_work/tests/fixtures/ccbsn_demo_profile.yaml:p-:strategy.parameters.dca_outside_session=True,,,EXTRACTED
CFG-0102,must,strategy.parameters.lot_mode,multiply,1.0,/mnt/data/vkmql_fix_work/tests/fixtures/ccbsn_demo_profile.yaml:p-:strategy.parameters.lot_mode='multiply',,,EXTRACTED
CFG-0103,must,strategy.parameters.lot_multiplier,1.2,1.0,/mnt/data/vkmql_fix_work/tests/fixtures/ccbsn_demo_profile.yaml:p-:strategy.parameters.lot_multiplier=1.2,,,EXTRACTED
CFG-0104,must,strategy.parameters.lot_additive,0.01,1.0,/mnt/data/vkmql_fix_work/tests/fixtures/ccbsn_demo_profile.yaml:p-:strategy.parameters.lot_additive=0.01,,,EXTRACTED
CFG-0105,must,strategy.parameters.lot_stage_1_count,10,1.0,/mnt/data/vkmql_fix_work/tests/fixtures/ccbsn_demo_profile.yaml:p-:strategy.parameters.lot_stage_1_count=10,,,EXTRACTED
CFG-0106,must,strategy.parameters.lot_stage_1_multiplier,1.2,1.0,/mnt/data/vkmql_fix_work/tests/fixtures/ccbsn_demo_profile.yaml:p-:strategy.parameters.lot_stage_1_multiplier=1.2,,,EXTRACTED
CFG-0107,must,strategy.parameters.lot_stage_2_count,20,1.0,/mnt/data/vkmql_fix_work/tests/fixtures/ccbsn_demo_profile.yaml:p-:strategy.parameters.lot_stage_2_count=20,,,EXTRACTED
CFG-0108,must,strategy.parameters.lot_stage_2_multiplier,1.1,1.0,/mnt/data/vkmql_fix_work/tests/fixtures/ccbsn_demo_profile.yaml:p-:strategy.parameters.lot_stage_2_multiplier=1.1,,,EXTRACTED
CFG-0109,must,strategy.parameters.lot_stage_3_count,30,1.0,/mnt/data/vkmql_fix_work/tests/fixtures/ccbsn_demo_profile.yaml:p-:strategy.parameters.lot_stage_3_count=30,,,EXTRACTED
CFG-0110,must,strategy.parameters.lot_stage_3_multiplier,1.05,1.0,/mnt/data/vkmql_fix_work/tests/fixtures/ccbsn_demo_profile.yaml:p-:strategy.parameters.lot_stage_3_multiplier=1.05,,,EXTRACTED
CFG-0111,must,strategy.parameters.lot_stage_4_count,40,1.0,/mnt/data/vkmql_fix_work/tests/fixtures/ccbsn_demo_profile.yaml:p-:strategy.parameters.lot_stage_4_count=40,,,EXTRACTED
CFG-0112,must,strategy.parameters.lot_stage_4_multiplier,1.06,1.0,/mnt/data/vkmql_fix_work/tests/fixtures/ccbsn_demo_profile.yaml:p-:strategy.parameters.lot_stage_4_multiplier=1.06,,,EXTRACTED
CFG-0113,must,strategy.parameters.lot_stage_5_count,50,1.0,/mnt/data/vkmql_fix_work/tests/fixtures/ccbsn_demo_profile.yaml:p-:strategy.parameters.lot_stage_5_count=50,,,EXTRACTED
CFG-0114,must,strategy.parameters.lot_stage_5_multiplier,1.03,1.0,/mnt/data/vkmql_fix_work/tests/fixtures/ccbsn_demo_profile.yaml:p-:strategy.parameters.lot_stage_5_multiplier=1.03,,,EXTRACTED
CFG-0115,must,strategy.parameters.distance_stage_1_count,10,1.0,/mnt/data/vkmql_fix_work/tests/fixtures/ccbsn_demo_profile.yaml:p-:strategy.parameters.distance_stage_1_count=10,,,EXTRACTED
CFG-0116,must,strategy.parameters.distance_stage_1_pips,35.0,1.0,/mnt/data/vkmql_fix_work/tests/fixtures/ccbsn_demo_profile.yaml:p-:strategy.parameters.distance_stage_1_pips=35.0,,,EXTRACTED
CFG-0117,must,strategy.parameters.distance_stage_2_count,20,1.0,/mnt/data/vkmql_fix_work/tests/fixtures/ccbsn_demo_profile.yaml:p-:strategy.parameters.distance_stage_2_count=20,,,EXTRACTED
CFG-0118,must,strategy.parameters.distance_stage_2_pips,50.0,1.0,/mnt/data/vkmql_fix_work/tests/fixtures/ccbsn_demo_profile.yaml:p-:strategy.parameters.distance_stage_2_pips=50.0,,,EXTRACTED
CFG-0119,must,strategy.parameters.distance_stage_3_count,30,1.0,/mnt/data/vkmql_fix_work/tests/fixtures/ccbsn_demo_profile.yaml:p-:strategy.parameters.distance_stage_3_count=30,,,EXTRACTED
CFG-0120,must,strategy.parameters.distance_stage_3_pips,70.0,1.0,/mnt/data/vkmql_fix_work/tests/fixtures/ccbsn_demo_profile.yaml:p-:strategy.parameters.distance_stage_3_pips=70.0,,,EXTRACTED
CFG-0121,must,strategy.parameters.distance_stage_4_count,40,1.0,/mnt/data/vkmql_fix_work/tests/fixtures/ccbsn_demo_profile.yaml:p-:strategy.parameters.distance_stage_4_count=40,,,EXTRACTED
CFG-0122,must,strategy.parameters.distance_stage_4_pips,100.0,1.0,/mnt/data/vkmql_fix_work/tests/fixtures/ccbsn_demo_profile.yaml:p-:strategy.parameters.distance_stage_4_pips=100.0,,,EXTRACTED
CFG-0123,must,strategy.parameters.basket_target_money,20.0,1.0,/mnt/data/vkmql_fix_work/tests/fixtures/ccbsn_demo_profile.yaml:p-:strategy.parameters.basket_target_money=20.0,,,EXTRACTED
CFG-0124,must,strategy.parameters.basket_stop_money,-1000.0,1.0,/mnt/data/vkmql_fix_work/tests/fixtures/ccbsn_demo_profile.yaml:p-:strategy.parameters.basket_stop_money=-1000.0,,,EXTRACTED
CFG-0125,must,strategy.parameters.basket_tp_pips,10.0,1.0,/mnt/data/vkmql_fix_work/tests/fixtures/ccbsn_demo_profile.yaml:p-:strategy.parameters.basket_tp_pips=10.0,,,EXTRACTED
CFG-0126,must,strategy.parameters.adaptive_tp_loss_pct,-20.0,1.0,/mnt/data/vkmql_fix_work/tests/fixtures/ccbsn_demo_profile.yaml:p-:strategy.parameters.adaptive_tp_loss_pct=-20.0,,,EXTRACTED
CFG-0127,must,strategy.parameters.adaptive_tp_loss_money,-12000.0,1.0,/mnt/data/vkmql_fix_work/tests/fixtures/ccbsn_demo_profile.yaml:p-:strategy.parameters.adaptive_tp_loss_money=-12000.0,,,EXTRACTED
CFG-0128,must,strategy.parameters.adaptive_basket_tp_pips,3.0,1.0,/mnt/data/vkmql_fix_work/tests/fixtures/ccbsn_demo_profile.yaml:p-:strategy.parameters.adaptive_basket_tp_pips=3.0,,,EXTRACTED
CFG-0129,must,strategy.parameters.account_tp_money,500.0,1.0,/mnt/data/vkmql_fix_work/tests/fixtures/ccbsn_demo_profile.yaml:p-:strategy.parameters.account_tp_money=500.0,,,EXTRACTED
CFG-0130,must,strategy.parameters.account_sl_money,-1000.0,1.0,/mnt/data/vkmql_fix_work/tests/fixtures/ccbsn_demo_profile.yaml:p-:strategy.parameters.account_sl_money=-1000.0,,,EXTRACTED
CFG-0131,must,strategy.parameters.allow_account_wide_close,False,1.0,/mnt/data/vkmql_fix_work/tests/fixtures/ccbsn_demo_profile.yaml:p-:strategy.parameters.allow_account_wide_close=False,,,EXTRACTED
CFG-0132,must,strategy.parameters.buy_tp_money,100.0,1.0,/mnt/data/vkmql_fix_work/tests/fixtures/ccbsn_demo_profile.yaml:p-:strategy.parameters.buy_tp_money=100.0,,,EXTRACTED
CFG-0133,must,strategy.parameters.buy_sl_money,-500.0,1.0,/mnt/data/vkmql_fix_work/tests/fixtures/ccbsn_demo_profile.yaml:p-:strategy.parameters.buy_sl_money=-500.0,,,EXTRACTED
CFG-0134,must,strategy.parameters.sell_tp_money,100.0,1.0,/mnt/data/vkmql_fix_work/tests/fixtures/ccbsn_demo_profile.yaml:p-:strategy.parameters.sell_tp_money=100.0,,,EXTRACTED
CFG-0135,must,strategy.parameters.sell_sl_money,-500.0,1.0,/mnt/data/vkmql_fix_work/tests/fixtures/ccbsn_demo_profile.yaml:p-:strategy.parameters.sell_sl_money=-500.0,,,EXTRACTED
CFG-0136,must,strategy.parameters.daily_target_pct,2.0,1.0,/mnt/data/vkmql_fix_work/tests/fixtures/ccbsn_demo_profile.yaml:p-:strategy.parameters.daily_target_pct=2.0,,,EXTRACTED
CFG-0137,must,strategy.parameters.daily_target_money,0.0,1.0,/mnt/data/vkmql_fix_work/tests/fixtures/ccbsn_demo_profile.yaml:p-:strategy.parameters.daily_target_money=0.0,,,EXTRACTED
CFG-0138,must,strategy.parameters.daily_loss_money,-500.0,1.0,/mnt/data/vkmql_fix_work/tests/fixtures/ccbsn_demo_profile.yaml:p-:strategy.parameters.daily_loss_money=-500.0,,,EXTRACTED
CFG-0139,must,strategy.parameters.new_day_delay_minutes,30,1.0,/mnt/data/vkmql_fix_work/tests/fixtures/ccbsn_demo_profile.yaml:p-:strategy.parameters.new_day_delay_minutes=30,,,EXTRACTED
CFG-0140,must,strategy.parameters.stepped_target_money,200.0,1.0,/mnt/data/vkmql_fix_work/tests/fixtures/ccbsn_demo_profile.yaml:p-:strategy.parameters.stepped_target_money=200.0,,,EXTRACTED
CFG-0141,must,strategy.parameters.stepped_target_delay_minutes,30,1.0,/mnt/data/vkmql_fix_work/tests/fixtures/ccbsn_demo_profile.yaml:p-:strategy.parameters.stepped_target_delay_minutes=30,,,EXTRACTED
CFG-0142,must,strategy.parameters.balance_difference_pct,2.0,1.0,/mnt/data/vkmql_fix_work/tests/fixtures/ccbsn_demo_profile.yaml:p-:strategy.parameters.balance_difference_pct=2.0,,,EXTRACTED
CFG-0143,must,strategy.parameters.trailing_start_pips,20.0,1.0,/mnt/data/vkmql_fix_work/tests/fixtures/ccbsn_demo_profile.yaml:p-:strategy.parameters.trailing_start_pips=20.0,,,EXTRACTED
CFG-0144,must,strategy.parameters.trailing_distance_pips,10.0,1.0,/mnt/data/vkmql_fix_work/tests/fixtures/ccbsn_demo_profile.yaml:p-:strategy.parameters.trailing_distance_pips=10.0,,,EXTRACTED
CFG-0145,must,strategy.parameters.sniper_trigger_positions,5,1.0,/mnt/data/vkmql_fix_work/tests/fixtures/ccbsn_demo_profile.yaml:p-:strategy.parameters.sniper_trigger_positions=5,,,EXTRACTED
CFG-0146,must,strategy.parameters.sniper_head_count,1,1.0,/mnt/data/vkmql_fix_work/tests/fixtures/ccbsn_demo_profile.yaml:p-:strategy.parameters.sniper_head_count=1,,,EXTRACTED
CFG-0147,must,strategy.parameters.sniper_tail_max_count,2,1.0,/mnt/data/vkmql_fix_work/tests/fixtures/ccbsn_demo_profile.yaml:p-:strategy.parameters.sniper_tail_max_count=2,,,EXTRACTED
CFG-0148,must,strategy.parameters.sniper_target_money,1.0,1.0,/mnt/data/vkmql_fix_work/tests/fixtures/ccbsn_demo_profile.yaml:p-:strategy.parameters.sniper_target_money=1.0,,,EXTRACTED
CFG-0149,must,strategy.parameters.partial_close_pct,30.0,1.0,/mnt/data/vkmql_fix_work/tests/fixtures/ccbsn_demo_profile.yaml:p-:strategy.parameters.partial_close_pct=30.0,,,EXTRACTED
CFG-0150,must,strategy.parameters.cross_sniper_trigger_positions,8,1.0,/mnt/data/vkmql_fix_work/tests/fixtures/ccbsn_demo_profile.yaml:p-:strategy.parameters.cross_sniper_trigger_positions=8,,,EXTRACTED
CFG-0151,must,strategy.parameters.cross_sniper_target_money,2.0,1.0,/mnt/data/vkmql_fix_work/tests/fixtures/ccbsn_demo_profile.yaml:p-:strategy.parameters.cross_sniper_target_money=2.0,,,EXTRACTED
CFG-0152,must,strategy.parameters.cross_sniper_magic_pair_only,True,1.0,/mnt/data/vkmql_fix_work/tests/fixtures/ccbsn_demo_profile.yaml:p-:strategy.parameters.cross_sniper_magic_pair_only=True,,,EXTRACTED
CFG-0153,must,strategy.parameters.hedge_trigger_positions,12,1.0,/mnt/data/vkmql_fix_work/tests/fixtures/ccbsn_demo_profile.yaml:p-:strategy.parameters.hedge_trigger_positions=12,,,EXTRACTED
CFG-0154,must,strategy.parameters.hedge_trigger_loss_pct,-25.0,1.0,/mnt/data/vkmql_fix_work/tests/fixtures/ccbsn_demo_profile.yaml:p-:strategy.parameters.hedge_trigger_loss_pct=-25.0,,,EXTRACTED
CFG-0155,must,strategy.parameters.hedge_use_dca_lot,False,1.0,/mnt/data/vkmql_fix_work/tests/fixtures/ccbsn_demo_profile.yaml:p-:strategy.parameters.hedge_use_dca_lot=False,,,EXTRACTED
CFG-0156,must,strategy.parameters.hedge_lot_pct,50.0,1.0,/mnt/data/vkmql_fix_work/tests/fixtures/ccbsn_demo_profile.yaml:p-:strategy.parameters.hedge_lot_pct=50.0,,,EXTRACTED
CFG-0157,must,strategy.parameters.hedge_tp_pips,10.0,1.0,/mnt/data/vkmql_fix_work/tests/fixtures/ccbsn_demo_profile.yaml:p-:strategy.parameters.hedge_tp_pips=10.0,,,EXTRACTED
CFG-0158,must,strategy.parameters.hedge_exit_money,10.0,1.0,/mnt/data/vkmql_fix_work/tests/fixtures/ccbsn_demo_profile.yaml:p-:strategy.parameters.hedge_exit_money=10.0,,,EXTRACTED
CFG-0159,must,strategy.parameters.stop_sniper_during_hedge,True,1.0,/mnt/data/vkmql_fix_work/tests/fixtures/ccbsn_demo_profile.yaml:p-:strategy.parameters.stop_sniper_during_hedge=True,,,EXTRACTED
CFG-0160,must,strategy.parameters.hedge_zone_trigger_positions,15,1.0,/mnt/data/vkmql_fix_work/tests/fixtures/ccbsn_demo_profile.yaml:p-:strategy.parameters.hedge_zone_trigger_positions=15,,,EXTRACTED
CFG-0161,must,strategy.parameters.hedge_zone_lot_multiplier,1.0,1.0,/mnt/data/vkmql_fix_work/tests/fixtures/ccbsn_demo_profile.yaml:p-:strategy.parameters.hedge_zone_lot_multiplier=1.0,,,EXTRACTED
CFG-0162,must,strategy.parameters.hedge_zone_distance_pips,30.0,1.0,/mnt/data/vkmql_fix_work/tests/fixtures/ccbsn_demo_profile.yaml:p-:strategy.parameters.hedge_zone_distance_pips=30.0,,,EXTRACTED
CFG-0163,must,strategy.parameters.hedge_zone_target_money,20.0,1.0,/mnt/data/vkmql_fix_work/tests/fixtures/ccbsn_demo_profile.yaml:p-:strategy.parameters.hedge_zone_target_money=20.0,,,EXTRACTED
CFG-0164,must,strategy.parameters.hedge_zone_target_pips,5.0,1.0,/mnt/data/vkmql_fix_work/tests/fixtures/ccbsn_demo_profile.yaml:p-:strategy.parameters.hedge_zone_target_pips=5.0,,,EXTRACTED
CFG-0165,must,strategy.parameters.hedge_zone_new_target_count,25,1.0,/mnt/data/vkmql_fix_work/tests/fixtures/ccbsn_demo_profile.yaml:p-:strategy.parameters.hedge_zone_new_target_count=25,,,EXTRACTED
CFG-0166,must,strategy.parameters.hedge_zone_new_target_money,10.0,1.0,/mnt/data/vkmql_fix_work/tests/fixtures/ccbsn_demo_profile.yaml:p-:strategy.parameters.hedge_zone_new_target_money=10.0,,,EXTRACTED
CFG-0167,must,strategy.parameters.hedge_zone_max_lot,1.0,1.0,/mnt/data/vkmql_fix_work/tests/fixtures/ccbsn_demo_profile.yaml:p-:strategy.parameters.hedge_zone_max_lot=1.0,,,EXTRACTED
CFG-0168,must,strategy.parameters.reverse_trigger_positions,12,1.0,/mnt/data/vkmql_fix_work/tests/fixtures/ccbsn_demo_profile.yaml:p-:strategy.parameters.reverse_trigger_positions=12,,,EXTRACTED
CFG-0169,must,strategy.parameters.reverse_lot_pct,25.0,1.0,/mnt/data/vkmql_fix_work/tests/fixtures/ccbsn_demo_profile.yaml:p-:strategy.parameters.reverse_lot_pct=25.0,,,EXTRACTED
CFG-0170,must,strategy.parameters.reverse_fixed_lot,0.01,1.0,/mnt/data/vkmql_fix_work/tests/fixtures/ccbsn_demo_profile.yaml:p-:strategy.parameters.reverse_fixed_lot=0.01,,,EXTRACTED
CFG-0171,must,strategy.parameters.balance_trigger_lots,0.2,1.0,/mnt/data/vkmql_fix_work/tests/fixtures/ccbsn_demo_profile.yaml:p-:strategy.parameters.balance_trigger_lots=0.2,,,EXTRACTED
CFG-0172,must,strategy.parameters.balance_stop_lots,0.05,1.0,/mnt/data/vkmql_fix_work/tests/fixtures/ccbsn_demo_profile.yaml:p-:strategy.parameters.balance_stop_lots=0.05,,,EXTRACTED
CFG-0173,must,strategy.parameters.balance_add_lot,0.01,1.0,/mnt/data/vkmql_fix_work/tests/fixtures/ccbsn_demo_profile.yaml:p-:strategy.parameters.balance_add_lot=0.01,,,EXTRACTED
CFG-0174,must,strategy.parameters.balance_delay_seconds,30,1.0,/mnt/data/vkmql_fix_work/tests/fixtures/ccbsn_demo_profile.yaml:p-:strategy.parameters.balance_delay_seconds=30,,,EXTRACTED
CFG-0175,must,strategy.parameters.lottery_sl_multiplier,1.5,1.0,/mnt/data/vkmql_fix_work/tests/fixtures/ccbsn_demo_profile.yaml:p-:strategy.parameters.lottery_sl_multiplier=1.5,,,EXTRACTED
CFG-0176,must,strategy.parameters.lottery_delay_minutes,5,1.0,/mnt/data/vkmql_fix_work/tests/fixtures/ccbsn_demo_profile.yaml:p-:strategy.parameters.lottery_delay_minutes=5,,,EXTRACTED
CFG-0177,must,strategy.parameters.lottery_reset_loss_money,-1000.0,1.0,/mnt/data/vkmql_fix_work/tests/fixtures/ccbsn_demo_profile.yaml:p-:strategy.parameters.lottery_reset_loss_money=-1000.0,,,EXTRACTED
CFG-0178,must,strategy.parameters.reset_lot,0.01,1.0,/mnt/data/vkmql_fix_work/tests/fixtures/ccbsn_demo_profile.yaml:p-:strategy.parameters.reset_lot=0.01,,,EXTRACTED
CFG-0179,must,strategy.parameters.reset_multiplier,1.0,1.0,/mnt/data/vkmql_fix_work/tests/fixtures/ccbsn_demo_profile.yaml:p-:strategy.parameters.reset_multiplier=1.0,,,EXTRACTED
CFG-0180,must,strategy.parameters.reset_basket_tp_pips,10.0,1.0,/mnt/data/vkmql_fix_work/tests/fixtures/ccbsn_demo_profile.yaml:p-:strategy.parameters.reset_basket_tp_pips=10.0,,,EXTRACTED
CFG-0181,must,strategy.parameters.rsi_period,14,1.0,/mnt/data/vkmql_fix_work/tests/fixtures/ccbsn_demo_profile.yaml:p-:strategy.parameters.rsi_period=14,,,EXTRACTED
CFG-0182,must,strategy.parameters.rsi_oversold,25.0,1.0,/mnt/data/vkmql_fix_work/tests/fixtures/ccbsn_demo_profile.yaml:p-:strategy.parameters.rsi_oversold=25.0,,,EXTRACTED
CFG-0183,must,strategy.parameters.rsi_overbought,75.0,1.0,/mnt/data/vkmql_fix_work/tests/fixtures/ccbsn_demo_profile.yaml:p-:strategy.parameters.rsi_overbought=75.0,,,EXTRACTED
CFG-0184,must,strategy.parameters.cci_period,14,1.0,/mnt/data/vkmql_fix_work/tests/fixtures/ccbsn_demo_profile.yaml:p-:strategy.parameters.cci_period=14,,,EXTRACTED
CFG-0185,must,strategy.parameters.cci_oversold,-100.0,1.0,/mnt/data/vkmql_fix_work/tests/fixtures/ccbsn_demo_profile.yaml:p-:strategy.parameters.cci_oversold=-100.0,,,EXTRACTED
CFG-0186,must,strategy.parameters.cci_overbought,100.0,1.0,/mnt/data/vkmql_fix_work/tests/fixtures/ccbsn_demo_profile.yaml:p-:strategy.parameters.cci_overbought=100.0,,,EXTRACTED
CFG-0187,must,strategy.parameters.stoch_k,5,1.0,/mnt/data/vkmql_fix_work/tests/fixtures/ccbsn_demo_profile.yaml:p-:strategy.parameters.stoch_k=5,,,EXTRACTED
CFG-0188,must,strategy.parameters.stoch_d,3,1.0,/mnt/data/vkmql_fix_work/tests/fixtures/ccbsn_demo_profile.yaml:p-:strategy.parameters.stoch_d=3,,,EXTRACTED
CFG-0189,must,strategy.parameters.stoch_slowing,3,1.0,/mnt/data/vkmql_fix_work/tests/fixtures/ccbsn_demo_profile.yaml:p-:strategy.parameters.stoch_slowing=3,,,EXTRACTED
CFG-0190,must,strategy.parameters.momentum_period,14,1.0,/mnt/data/vkmql_fix_work/tests/fixtures/ccbsn_demo_profile.yaml:p-:strategy.parameters.momentum_period=14,,,EXTRACTED
CFG-0191,must,strategy.parameters.momentum_buy_level,100.45,1.0,/mnt/data/vkmql_fix_work/tests/fixtures/ccbsn_demo_profile.yaml:p-:strategy.parameters.momentum_buy_level=100.45,,,EXTRACTED
CFG-0192,must,strategy.parameters.momentum_sell_level,99.45,1.0,/mnt/data/vkmql_fix_work/tests/fixtures/ccbsn_demo_profile.yaml:p-:strategy.parameters.momentum_sell_level=99.45,,,EXTRACTED
CFG-0193,must,strategy.parameters.ema_fast,34,1.0,/mnt/data/vkmql_fix_work/tests/fixtures/ccbsn_demo_profile.yaml:p-:strategy.parameters.ema_fast=34,,,EXTRACTED
CFG-0194,must,strategy.parameters.ema_slow,89,1.0,/mnt/data/vkmql_fix_work/tests/fixtures/ccbsn_demo_profile.yaml:p-:strategy.parameters.ema_slow=89,,,EXTRACTED
CFG-0195,must,strategy.parameters.bb_period,20,1.0,/mnt/data/vkmql_fix_work/tests/fixtures/ccbsn_demo_profile.yaml:p-:strategy.parameters.bb_period=20,,,EXTRACTED
CFG-0196,must,strategy.parameters.bb_deviation,2.0,1.0,/mnt/data/vkmql_fix_work/tests/fixtures/ccbsn_demo_profile.yaml:p-:strategy.parameters.bb_deviation=2.0,,,EXTRACTED
CFG-0197,must,strategy.parameters.atr_period,10,1.0,/mnt/data/vkmql_fix_work/tests/fixtures/ccbsn_demo_profile.yaml:p-:strategy.parameters.atr_period=10,,,EXTRACTED
CFG-0198,must,strategy.parameters.atr_break_multiplier,1.0,1.0,/mnt/data/vkmql_fix_work/tests/fixtures/ccbsn_demo_profile.yaml:p-:strategy.parameters.atr_break_multiplier=1.0,,,EXTRACTED
CFG-0199,must,strategy.parameters.supertrend_period,21,1.0,/mnt/data/vkmql_fix_work/tests/fixtures/ccbsn_demo_profile.yaml:p-:strategy.parameters.supertrend_period=21,,,EXTRACTED
CFG-0200,must,strategy.parameters.supertrend_multiplier,3.0,1.0,/mnt/data/vkmql_fix_work/tests/fixtures/ccbsn_demo_profile.yaml:p-:strategy.parameters.supertrend_multiplier=3.0,,,EXTRACTED
CFG-0201,must,strategy.parameters.utbot_period,10,1.0,/mnt/data/vkmql_fix_work/tests/fixtures/ccbsn_demo_profile.yaml:p-:strategy.parameters.utbot_period=10,,,EXTRACTED
CFG-0202,must,strategy.parameters.utbot_sensitivity,1.0,1.0,/mnt/data/vkmql_fix_work/tests/fixtures/ccbsn_demo_profile.yaml:p-:strategy.parameters.utbot_sensitivity=1.0,,,EXTRACTED
CFG-0203,must,strategy.parameters.ichimoku_tenkan,9,1.0,/mnt/data/vkmql_fix_work/tests/fixtures/ccbsn_demo_profile.yaml:p-:strategy.parameters.ichimoku_tenkan=9,,,EXTRACTED
CFG-0204,must,strategy.parameters.ichimoku_kijun,26,1.0,/mnt/data/vkmql_fix_work/tests/fixtures/ccbsn_demo_profile.yaml:p-:strategy.parameters.ichimoku_kijun=26,,,EXTRACTED
CFG-0205,must,strategy.parameters.ichimoku_senkou,52,1.0,/mnt/data/vkmql_fix_work/tests/fixtures/ccbsn_demo_profile.yaml:p-:strategy.parameters.ichimoku_senkou=52,,,EXTRACTED
CFG-0206,must,strategy.parameters.smc_internal_lookback,5,1.0,/mnt/data/vkmql_fix_work/tests/fixtures/ccbsn_demo_profile.yaml:p-:strategy.parameters.smc_internal_lookback=5,,,EXTRACTED
CFG-0207,must,strategy.parameters.smc_swing_lookback,20,1.0,/mnt/data/vkmql_fix_work/tests/fixtures/ccbsn_demo_profile.yaml:p-:strategy.parameters.smc_swing_lookback=20,,,EXTRACTED
CFG-0208,must,strategy.parameters.pinbar_wick_ratio,5.0,1.0,/mnt/data/vkmql_fix_work/tests/fixtures/ccbsn_demo_profile.yaml:p-:strategy.parameters.pinbar_wick_ratio=5.0,,,EXTRACTED
CFG-0209,must,strategy.parameters.pinbar_opposite_ratio,6.0,1.0,/mnt/data/vkmql_fix_work/tests/fixtures/ccbsn_demo_profile.yaml:p-:strategy.parameters.pinbar_opposite_ratio=6.0,,,EXTRACTED
CFG-0210,must,strategy.parameters.min_candle_pips,5.0,1.0,/mnt/data/vkmql_fix_work/tests/fixtures/ccbsn_demo_profile.yaml:p-:strategy.parameters.min_candle_pips=5.0,,,EXTRACTED
CFG-0211,must,strategy.parameters.engulf_full_wick,True,1.0,/mnt/data/vkmql_fix_work/tests/fixtures/ccbsn_demo_profile.yaml:p-:strategy.parameters.engulf_full_wick=True,,,EXTRACTED
CFG-0212,must,strategy.parameters.unconditional_direction,1,1.0,/mnt/data/vkmql_fix_work/tests/fixtures/ccbsn_demo_profile.yaml:p-:strategy.parameters.unconditional_direction=1,,,EXTRACTED
CFG-0213,must,strategy.parameters.external_indicator_name,,1.0,/mnt/data/vkmql_fix_work/tests/fixtures/ccbsn_demo_profile.yaml:p-:strategy.parameters.external_indicator_name='',,,EXTRACTED
CFG-0214,must,strategy.parameters.external_buy_buffer,0,1.0,/mnt/data/vkmql_fix_work/tests/fixtures/ccbsn_demo_profile.yaml:p-:strategy.parameters.external_buy_buffer=0,,,EXTRACTED
CFG-0215,must,strategy.parameters.external_sell_buffer,1,1.0,/mnt/data/vkmql_fix_work/tests/fixtures/ccbsn_demo_profile.yaml:p-:strategy.parameters.external_sell_buffer=1,,,EXTRACTED
CFG-0216,must,strategy.parameters.ema_max_price_distance_pips,0.0,1.0,/mnt/data/vkmql_fix_work/tests/fixtures/ccbsn_demo_profile.yaml:p-:strategy.parameters.ema_max_price_distance_pips=0.0,,,EXTRACTED
CFG-0217,must,strategy.parameters.ema_min_separation_pips,0.0,1.0,/mnt/data/vkmql_fix_work/tests/fixtures/ccbsn_demo_profile.yaml:p-:strategy.parameters.ema_min_separation_pips=0.0,,,EXTRACTED
CFG-0218,must,strategy.parameters.zone_cycle_upper,999999.0,1.0,/mnt/data/vkmql_fix_work/tests/fixtures/ccbsn_demo_profile.yaml:p-:strategy.parameters.zone_cycle_upper=999999.0,,,EXTRACTED
CFG-0219,must,strategy.parameters.zone_cycle_lower,1e-05,1.0,/mnt/data/vkmql_fix_work/tests/fixtures/ccbsn_demo_profile.yaml:p-:strategy.parameters.zone_cycle_lower=1e-05,,,EXTRACTED
CFG-0220,must,strategy.parameters.sessions,"[{'enabled': True, 'start': '00:00', 'end': '23:59'}]",1.0,"/mnt/data/vkmql_fix_work/tests/fixtures/ccbsn_demo_profile.yaml:p-:strategy.parameters.sessions=[{'enabled': True, 'start': '00:00', 'end': '23:59'}]",,,EXTRACTED
CFG-0221,must,strategy.parameters.hedge_variant,single_opposite_leg_v1,1.0,/mnt/data/vkmql_fix_work/tests/fixtures/ccbsn_demo_profile.yaml:p-:strategy.parameters.hedge_variant='single_opposite_leg_v1',,,EXTRACTED
CFG-0222,must,strategy.parameters.hedge_zone_variant,alternating_boundaries_v1,1.0,/mnt/data/vkmql_fix_work/tests/fixtures/ccbsn_demo_profile.yaml:p-:strategy.parameters.hedge_zone_variant='alternating_boundaries_v1',,,EXTRACTED
CFG-0223,must,strategy.parameters.same_chain_sniper_variant,oldest_best_pair_v1,1.0,/mnt/data/vkmql_fix_work/tests/fixtures/ccbsn_demo_profile.yaml:p-:strategy.parameters.same_chain_sniper_variant='oldest_best_pair_v1',,,EXTRACTED
CFG-0224,must,strategy.parameters.cross_sniper_variant,pair_loss_profit_v1,1.0,/mnt/data/vkmql_fix_work/tests/fixtures/ccbsn_demo_profile.yaml:p-:strategy.parameters.cross_sniper_variant='pair_loss_profit_v1',,,EXTRACTED
CFG-0225,must,strategy.parameters.lot_balance_variant,managed_chain_v1,1.0,/mnt/data/vkmql_fix_work/tests/fixtures/ccbsn_demo_profile.yaml:p-:strategy.parameters.lot_balance_variant='managed_chain_v1',,,EXTRACTED
CFG-0226,must,strategy.parameters.reverse_entry_variant,signal_confirmed_v1,1.0,/mnt/data/vkmql_fix_work/tests/fixtures/ccbsn_demo_profile.yaml:p-:strategy.parameters.reverse_entry_variant='signal_confirmed_v1',,,EXTRACTED
CFG-0227,must,strategy.parameters.lottery_variant,per_closed_position_v1,1.0,/mnt/data/vkmql_fix_work/tests/fixtures/ccbsn_demo_profile.yaml:p-:strategy.parameters.lottery_variant='per_closed_position_v1',,,EXTRACTED
CFG-0228,must,strategy.parameters.hedge_zone_concurrency_policy,exclusive,1.0,/mnt/data/vkmql_fix_work/tests/fixtures/ccbsn_demo_profile.yaml:p-:strategy.parameters.hedge_zone_concurrency_policy='exclusive',,,EXTRACTED
CFG-0229,must,strategy.parameters.sniper_hedge_pause_scope,hedge_origin_only,1.0,/mnt/data/vkmql_fix_work/tests/fixtures/ccbsn_demo_profile.yaml:p-:strategy.parameters.sniper_hedge_pause_scope='hedge_origin_only',,,EXTRACTED
CFG-0230,must,strategy.parameters.execution_idempotency_policy,reconcile_before_retry,1.0,/mnt/data/vkmql_fix_work/tests/fixtures/ccbsn_demo_profile.yaml:p-:strategy.parameters.execution_idempotency_policy='reconcile_before_retry',,,EXTRACTED
CFG-0231,must,strategy.parameters.unknown_outcome_policy,block_until_reconciled,1.0,/mnt/data/vkmql_fix_work/tests/fixtures/ccbsn_demo_profile.yaml:p-:strategy.parameters.unknown_outcome_policy='block_until_reconciled',,,EXTRACTED
CFG-0232,must,strategy.parameters.intent_unknown_timeout_seconds,30,1.0,/mnt/data/vkmql_fix_work/tests/fixtures/ccbsn_demo_profile.yaml:p-:strategy.parameters.intent_unknown_timeout_seconds=30,,,EXTRACTED
CFG-0233,must,strategy.parameters.intent_history_lookback_seconds,86400,1.0,/mnt/data/vkmql_fix_work/tests/fixtures/ccbsn_demo_profile.yaml:p-:strategy.parameters.intent_history_lookback_seconds=86400,,,EXTRACTED
CFG-0234,must,strategy.parameters.ownership_scope,account,1.0,/mnt/data/vkmql_fix_work/tests/fixtures/ccbsn_demo_profile.yaml:p-:strategy.parameters.ownership_scope='account',,,EXTRACTED
CFG-0235,must,strategy.parameters.risk_precedence_policy,daily_halt_preempts_exposure,1.0,/mnt/data/vkmql_fix_work/tests/fixtures/ccbsn_demo_profile.yaml:p-:strategy.parameters.risk_precedence_policy='daily_halt_preempts_exposure',,,EXTRACTED
CFG-0236,must,strategy.parameters.recovery_session_policy,allow_recovery_outside_sessions,1.0,/mnt/data/vkmql_fix_work/tests/fixtures/ccbsn_demo_profile.yaml:p-:strategy.parameters.recovery_session_policy='allow_recovery_outside_sessions',,,EXTRACTED
CFG-0237,must,risk.base_lot,0.01,1.0,/mnt/data/vkmql_fix_work/tests/fixtures/ccbsn_demo_profile.yaml:p-:risk.base_lot=0.01,,,EXTRACTED
CFG-0238,must,risk.max_lot,1.0,1.0,/mnt/data/vkmql_fix_work/tests/fixtures/ccbsn_demo_profile.yaml:p-:risk.max_lot=1.0,CRiskEngine::NormalizeVolume,model:test_max_lot,GENERATED
CFG-0239,must,risk.max_spread_pips,3.0,1.0,/mnt/data/vkmql_fix_work/tests/fixtures/ccbsn_demo_profile.yaml:p-:risk.max_spread_pips=3.0,,,EXTRACTED
CFG-0240,must,risk.max_open_positions,50,1.0,/mnt/data/vkmql_fix_work/tests/fixtures/ccbsn_demo_profile.yaml:p-:risk.max_open_positions=50,,,EXTRACTED
CFG-0241,must,risk.max_levels_buy,50,1.0,/mnt/data/vkmql_fix_work/tests/fixtures/ccbsn_demo_profile.yaml:p-:risk.max_levels_buy=50,,,EXTRACTED
CFG-0242,must,risk.max_levels_sell,50,1.0,/mnt/data/vkmql_fix_work/tests/fixtures/ccbsn_demo_profile.yaml:p-:risk.max_levels_sell=50,,,EXTRACTED
CFG-0243,must,risk.freeze_drawdown_pct,15.0,1.0,/mnt/data/vkmql_fix_work/tests/fixtures/ccbsn_demo_profile.yaml:p-:risk.freeze_drawdown_pct=15.0,,,EXTRACTED
CFG-0244,must,risk.max_drawdown_pct,20.0,1.0,/mnt/data/vkmql_fix_work/tests/fixtures/ccbsn_demo_profile.yaml:p-:risk.max_drawdown_pct=20.0,,,EXTRACTED
CFG-0245,must,risk.risk_per_trade_pct,0.5,1.0,/mnt/data/vkmql_fix_work/tests/fixtures/ccbsn_demo_profile.yaml:p-:risk.risk_per_trade_pct=0.5,,,EXTRACTED
CFG-0246,must,risk.daily_loss_pct,5.0,1.0,/mnt/data/vkmql_fix_work/tests/fixtures/ccbsn_demo_profile.yaml:p-:risk.daily_loss_pct=5.0,,,EXTRACTED
CFG-0247,must,risk.sl_pips,100,1.0,/mnt/data/vkmql_fix_work/tests/fixtures/ccbsn_demo_profile.yaml:p-:risk.sl_pips=100,,,EXTRACTED
CFG-0248,must,risk.tp_pips,20,1.0,/mnt/data/vkmql_fix_work/tests/fixtures/ccbsn_demo_profile.yaml:p-:risk.tp_pips=20,,,EXTRACTED
CFG-0249,must,controls.features,"['controls.chart_panel', 'controls.new_cycle', 'controls.pending_order_remote', 'controls.reset_lots']",1.0,"/mnt/data/vkmql_fix_work/tests/fixtures/ccbsn_demo_profile.yaml:p-:controls.features=['controls.chart_panel', 'controls.new_cycle', 'controls.pending_order_remote', 'controls.reset_lots']",,,EXTRACTED
CFG-0250,must,controls.new_cycle_semantics,true_means_allow_new_cycle,1.0,/mnt/data/vkmql_fix_work/tests/fixtures/ccbsn_demo_profile.yaml:p-:controls.new_cycle_semantics='true_means_allow_new_cycle',,,EXTRACTED
CFG-0251,must,controls.pending_commands.stop_ea.order_type,buy_stop,1.0,/mnt/data/vkmql_fix_work/tests/fixtures/ccbsn_demo_profile.yaml:p-:controls.pending_commands.stop_ea.order_type='buy_stop',,,EXTRACTED
CFG-0252,must,controls.pending_commands.stop_ea.price,999999.0,1.0,/mnt/data/vkmql_fix_work/tests/fixtures/ccbsn_demo_profile.yaml:p-:controls.pending_commands.stop_ea.price=999999.0,,,EXTRACTED
CFG-0253,must,controls.pending_commands.stop_ea.action.type,set_state,1.0,/mnt/data/vkmql_fix_work/tests/fixtures/ccbsn_demo_profile.yaml:p-:controls.pending_commands.stop_ea.action.type='set_state',,,EXTRACTED
CFG-0254,must,controls.pending_commands.stop_ea.action.path,ea.enabled,1.0,/mnt/data/vkmql_fix_work/tests/fixtures/ccbsn_demo_profile.yaml:p-:controls.pending_commands.stop_ea.action.path='ea.enabled',,,EXTRACTED
CFG-0255,must,controls.pending_commands.stop_ea.action.value,False,1.0,/mnt/data/vkmql_fix_work/tests/fixtures/ccbsn_demo_profile.yaml:p-:controls.pending_commands.stop_ea.action.value=False,,,EXTRACTED
CFG-0256,must,controls.pending_commands.start_ea.order_type,buy_stop,1.0,/mnt/data/vkmql_fix_work/tests/fixtures/ccbsn_demo_profile.yaml:p-:controls.pending_commands.start_ea.order_type='buy_stop',,,EXTRACTED
CFG-0257,must,controls.pending_commands.start_ea.price,666666.0,1.0,/mnt/data/vkmql_fix_work/tests/fixtures/ccbsn_demo_profile.yaml:p-:controls.pending_commands.start_ea.price=666666.0,,,EXTRACTED
CFG-0258,must,controls.pending_commands.start_ea.action.type,set_state,1.0,/mnt/data/vkmql_fix_work/tests/fixtures/ccbsn_demo_profile.yaml:p-:controls.pending_commands.start_ea.action.type='set_state',,,EXTRACTED
CFG-0259,must,controls.pending_commands.start_ea.action.path,ea.enabled,1.0,/mnt/data/vkmql_fix_work/tests/fixtures/ccbsn_demo_profile.yaml:p-:controls.pending_commands.start_ea.action.path='ea.enabled',,,EXTRACTED
CFG-0260,must,controls.pending_commands.start_ea.action.value,True,1.0,/mnt/data/vkmql_fix_work/tests/fixtures/ccbsn_demo_profile.yaml:p-:controls.pending_commands.start_ea.action.value=True,,,EXTRACTED
CFG-0261,must,controls.pending_commands.disable_new_cycle.order_type,buy_stop,1.0,/mnt/data/vkmql_fix_work/tests/fixtures/ccbsn_demo_profile.yaml:p-:controls.pending_commands.disable_new_cycle.order_type='buy_stop',,,EXTRACTED
CFG-0262,must,controls.pending_commands.disable_new_cycle.price,888888.0,1.0,/mnt/data/vkmql_fix_work/tests/fixtures/ccbsn_demo_profile.yaml:p-:controls.pending_commands.disable_new_cycle.price=888888.0,,,EXTRACTED
CFG-0263,must,controls.pending_commands.disable_new_cycle.action.type,set_state,1.0,/mnt/data/vkmql_fix_work/tests/fixtures/ccbsn_demo_profile.yaml:p-:controls.pending_commands.disable_new_cycle.action.type='set_state',,,EXTRACTED
CFG-0264,must,controls.pending_commands.disable_new_cycle.action.path,cycle.new_enabled,1.0,/mnt/data/vkmql_fix_work/tests/fixtures/ccbsn_demo_profile.yaml:p-:controls.pending_commands.disable_new_cycle.action.path='cycle.new_enabled',,,EXTRACTED
CFG-0265,must,controls.pending_commands.disable_new_cycle.action.value,False,1.0,/mnt/data/vkmql_fix_work/tests/fixtures/ccbsn_demo_profile.yaml:p-:controls.pending_commands.disable_new_cycle.action.value=False,,,EXTRACTED
CFG-0266,must,controls.pending_commands.enable_new_cycle.order_type,sell_limit,1.0,/mnt/data/vkmql_fix_work/tests/fixtures/ccbsn_demo_profile.yaml:p-:controls.pending_commands.enable_new_cycle.order_type='sell_limit',,,EXTRACTED
CFG-0267,must,controls.pending_commands.enable_new_cycle.price,888888.0,1.0,/mnt/data/vkmql_fix_work/tests/fixtures/ccbsn_demo_profile.yaml:p-:controls.pending_commands.enable_new_cycle.price=888888.0,,,EXTRACTED
CFG-0268,must,controls.pending_commands.enable_new_cycle.action.type,set_state,1.0,/mnt/data/vkmql_fix_work/tests/fixtures/ccbsn_demo_profile.yaml:p-:controls.pending_commands.enable_new_cycle.action.type='set_state',,,EXTRACTED
CFG-0269,must,controls.pending_commands.enable_new_cycle.action.path,cycle.new_enabled,1.0,/mnt/data/vkmql_fix_work/tests/fixtures/ccbsn_demo_profile.yaml:p-:controls.pending_commands.enable_new_cycle.action.path='cycle.new_enabled',,,EXTRACTED
CFG-0270,must,controls.pending_commands.enable_new_cycle.action.value,True,1.0,/mnt/data/vkmql_fix_work/tests/fixtures/ccbsn_demo_profile.yaml:p-:controls.pending_commands.enable_new_cycle.action.value=True,,,EXTRACTED
CFG-0271,must,controls.pending_commands.stop_buy.order_type,buy_stop,1.0,/mnt/data/vkmql_fix_work/tests/fixtures/ccbsn_demo_profile.yaml:p-:controls.pending_commands.stop_buy.order_type='buy_stop',,,EXTRACTED
CFG-0272,must,controls.pending_commands.stop_buy.price,555555.0,1.0,/mnt/data/vkmql_fix_work/tests/fixtures/ccbsn_demo_profile.yaml:p-:controls.pending_commands.stop_buy.price=555555.0,,,EXTRACTED
CFG-0273,must,controls.pending_commands.stop_buy.action.type,set_state,1.0,/mnt/data/vkmql_fix_work/tests/fixtures/ccbsn_demo_profile.yaml:p-:controls.pending_commands.stop_buy.action.type='set_state',,,EXTRACTED
CFG-0274,must,controls.pending_commands.stop_buy.action.path,direction.buy_enabled,1.0,/mnt/data/vkmql_fix_work/tests/fixtures/ccbsn_demo_profile.yaml:p-:controls.pending_commands.stop_buy.action.path='direction.buy_enabled',,,EXTRACTED
CFG-0275,must,controls.pending_commands.stop_buy.action.value,False,1.0,/mnt/data/vkmql_fix_work/tests/fixtures/ccbsn_demo_profile.yaml:p-:controls.pending_commands.stop_buy.action.value=False,,,EXTRACTED
CFG-0276,must,controls.pending_commands.stop_sell.order_type,sell_limit,1.0,/mnt/data/vkmql_fix_work/tests/fixtures/ccbsn_demo_profile.yaml:p-:controls.pending_commands.stop_sell.order_type='sell_limit',,,EXTRACTED
CFG-0277,must,controls.pending_commands.stop_sell.price,555555.0,1.0,/mnt/data/vkmql_fix_work/tests/fixtures/ccbsn_demo_profile.yaml:p-:controls.pending_commands.stop_sell.price=555555.0,,,EXTRACTED
CFG-0278,must,controls.pending_commands.stop_sell.action.type,set_state,1.0,/mnt/data/vkmql_fix_work/tests/fixtures/ccbsn_demo_profile.yaml:p-:controls.pending_commands.stop_sell.action.type='set_state',,,EXTRACTED
CFG-0279,must,controls.pending_commands.stop_sell.action.path,direction.sell_enabled,1.0,/mnt/data/vkmql_fix_work/tests/fixtures/ccbsn_demo_profile.yaml:p-:controls.pending_commands.stop_sell.action.path='direction.sell_enabled',,,EXTRACTED
CFG-0280,must,controls.pending_commands.stop_sell.action.value,False,1.0,/mnt/data/vkmql_fix_work/tests/fixtures/ccbsn_demo_profile.yaml:p-:controls.pending_commands.stop_sell.action.value=False,,,EXTRACTED
CFG-0281,must,controls.pending_command_transport,pending_order_v1,1.0,/mnt/data/vkmql_fix_work/tests/fixtures/ccbsn_demo_profile.yaml:p-:controls.pending_command_transport='pending_order_v1',,,EXTRACTED
CFG-0282,must,controls.account_wide_close_approved,True,1.0,/mnt/data/vkmql_fix_work/tests/fixtures/ccbsn_demo_profile.yaml:p-:controls.account_wide_close_approved=True,,,EXTRACTED
